{"stats":{"minecraft:custom":{"minecraft:interact_with_crafting_table":178,"minecraft:leave_game":7,"minecraft:time_since_death":430554,"minecraft:sprint_one_cm":247726,"minecraft:drop":86,"minecraft:talked_to_villager":3,"minecraft:play_time":430554,"minecraft:jump":1003,"minecraft:walk_on_water_one_cm":1514,"minecraft:interact_with_furnace":181,"minecraft:sleep_in_bed":5,"minecraft:damage_dealt":2014,"minecraft:crouch_one_cm":58983,"tombstone:undead_killed":4,"minecraft:mob_kills":7,"minecraft:walk_one_cm":1196023,"minecraft:sneak_time":20266,"minecraft:total_world_time":430554,"tombstone:raider_killed":4,"minecraft:time_since_rest":31717,"minecraft:damage_taken":1820,"minecraft:use_wand":614,"minecraft:fly_one_cm":255583,"minecraft:open_chest":506,"minecraft:fall_one_cm":216876},"minecraft:picked_up":{"exdeorum:mycelium_spores":7,"minecraft:wheat":141,"exdeorum:dust":22,"cobblefordays:tier_3":1,"minecraft:lead":2,"cobblefordays:tier_4":1,"projecte:alchemical_chest":1,"allthecompressed:basalt_1x":14,"exdeorum:iron_ore_chunk":768,"exdeorum:grass_seeds":1,"minecraft:string":743,"cobblefordays:tier_1":2,"minecraft:furnace":3,"minecraft:stick":80,"minecraft:torch":11,"mysticalagriculture:prosperity_shard":18,"minecraft:pointed_dripstone":174,"exdeorum:tin_ore_chunk":464,"supplementaries:ash":1,"minecraft:blaze_powder":1,"minecraft:cobblestone":701,"exdeorum:osmium_ore_chunk":230,"exdeorum:basalt_pebble":98,"exdeorum:stone_barrel":2,"minecraft:magma_cream":3,"minecraft:potato":6,"minecraft:flint":1012,"minecraft:dirt":132,"minecraft:lapis_lazuli":453,"exdeorum:nickel_ore_chunk":401,"xycraft_machines:stake":3,"alltheores:raw_tin":6,"minecraft:wheat_seeds":247,"minecraft:raw_gold":77,"mysticalagriculture:soulium_dust":3,"minecraft:glowstone_dust":6,"alltheores:tin_ingot":17,"ironfurnaces:iron_furnace":2,"alltheores:nickel_ore":64,"minecraft:oak_planks":7,"minecraft:ghast_tear":12,"xycraft_world:xychorium_gem_red":2,"exmachinis:flux_hammer":2,"exdeorum:flint_mesh":24,"minecraft:sand":40,"integrateddynamics:squeezer":5,"minecraft:granite_slab":2,"alltheores:osmium_ore":17,"minecraft:clay":2,"minecraft:diamond":73,"cobblefordays:tier_2":1,"minecraft:lever":1,"minecraft:bone_meal":2,"exdeorum:copper_ore_chunk":623,"minecraft:emerald":59,"minecraft:oak_sapling":106,"croptopia:toast":5,"exdeorum:gold_ore_chunk":333,"functionalstorage:oak_1":8,"minecraft:charcoal":49,"minecraft:coarse_dirt":49,"minecraft:nether_wart":11,"minecraft:clay_ball":4,"exdeorum:oak_barrel":1,"exdeorum:blackstone_pebble":112,"exdeorum:porcelain_clay_ball":1,"exdeorum:string_mesh":31,"exdeorum:granite_pebble":113,"exdeorum:golden_mesh":25,"exdeorum:iron_mesh":26,"exdeorum:zinc_ore_chunk":317,"exdeorum:compressed_stone_hammer":1,"minecraft:sugar_cane":53,"minecraft:chest":11,"minecraft:phantom_membrane":2,"minecraft:raw_iron":227,"exdeorum:porcelain_crucible":1,"minecraft:copper_ingot":4,"minecraft:carrot":7,"minecraft:redstone":4,"exmachinis:flux_sieve":3,"minecraft:prismarine_crystals":8,"exdeorum:silk_worm":37,"xycraft_world:xychorium_gem_blue":1,"powah:wrench":1,"ae2:certus_quartz_dust":3,"exdeorum:diorite_pebble":94,"alltheores:lead_ore":124,"exdeorum:andesite_pebble":100,"minecraft:polished_blackstone":20,"exdeorum:crushed_deepslate":2,"exdeorum:witch_water_bucket":1,"rftoolspower:coalgenerator":2,"minecraft:leather":7,"minecraft:oak_log":934,"minecraft:gunpowder":20,"minecraft:wooden_hoe":1,"minecraft:apple":11,"exdeorum:oak_sieve":103,"exdeorum:stone_pebble":801,"minecraft:iron_ingot":1,"minecraft:iron_ore":58,"tombstone:bag_of_seeds":1,"minecraft:soul_sand":65,"minecraft:oak_slab":9,"allthecompressed:sand_1x":2,"exdeorum:deepslate_pebble":161,"exdeorum:lead_ore_chunk":369,"minecraft:quartz":16,"minecraft:gravel":2036,"minecraft:amethyst_shard":254,"minecraft:gold_ore":1,"exdeorum:silver_ore_chunk":421,"minecraft:pumpkin_seeds":6,"cookingforblockheads:sink":1,"exdeorum:aluminum_ore_chunk":286,"utilitarian:snad":1,"minecraft:melon_seeds":5,"minecraft:coal":944,"alltheores:copper_ore_hammer":3},"minecraft:mined":{"minecraft:farmland":6,"minecraft:grass_block":5,"integrateddynamics:squeezer":1,"allthecompressed:sand_1x":2,"minecraft:iron_ore":168,"minecraft:barrel":1,"minecraft:cobbled_deepslate":2,"minecraft:granite_slab":1,"minecraft:pointed_dripstone":1,"exdeorum:oak_sieve":81,"xycraft_machines:stake":3,"exmachinis:flux_hammer":2,"minecraft:torch":1,"minecraft:chest":8,"minecraft:cobblestone":103,"minecraft:sugar_cane":26,"minecraft:oak_planks":6,"minecraft:wall_torch":9,"alltheores:tin_ore":2,"minecraft:oak_log":790,"exdeorum:oak_barrel":1,"minecraft:sand":4,"minecraft:dirt":12,"minecraft:oak_leaves":846,"functionalstorage:oak_2":1,"functionalstorage:oak_1":7,"minecraft:lever":1,"minecraft:furnace":3,"projecte:alchemical_chest":1,"minecraft:stone":1,"minecraft:oak_slab":14,"utilitarian:snad":1,"exdeorum:infested_leaves":1488,"exmachinis:flux_sieve":3,"minecraft:coarse_dirt":1,"cookingforblockheads:sink":1,"allthecompressed:basalt_1x":7,"minecraft:gravel":9,"minecraft:gold_ore":46},"minecraft:dropped":{"minecraft:clay":4,"integrateddynamics:squeezer":3,"pickletweaks:flint_shears":1,"constructionwand:stone_wand":3,"minecraft:dirt":128,"exdeorum:dust":13,"exdeorum:compressed_stone_hammer":1,"exdeorum:crook":5,"exdeorum:granite_pebble":29,"minecraft:bone_meal":19,"minecraft:sand":20,"minecraft:sugar":1,"minecraft:gravel":103,"minecraft:sugar_cane":1,"croptopia:toast":31,"minecraft:cobbled_deepslate":2,"cobblefordays:tier_2":1,"cobblefordays:tier_3":1,"minecraft:basalt":2,"minecraft:quartz":16,"minecraft:iron_ingot":19,"exdeorum:deepslate_pebble":157,"minecraft:polished_blackstone":40,"exdeorum:mycelium_spores":5,"minecraft:cobblestone":267,"minecraft:granite":64,"exdeorum:iron_mesh":1,"cobblefordays:tier_1":2,"exdeorum:porcelain_crucible":1,"allthecompressed:basalt_1x":14,"minecraft:wooden_hoe":1,"minecraft:torch":1,"alltheores:copper_ore_hammer":2,"minecraft:string":251,"cobblefordays:tier_4":1,"exdeorum:stone_pebble":13,"xycraft_machines:stake":1,"ironfurnaces:iron_furnace":2,"exdeorum:porcelain_clay_ball":1,"minecraft:stone":2,"exdeorum:aluminum_ore_chunk":1,"minecraft:stone_pickaxe":1,"rftoolspower:coalgenerator":3,"exdeorum:stone_hammer":2},"minecraft:used":{"minecraft:oak_sign":3,"allthecompressed:blackstone_1x":4,"rftoolspower:coalgenerator":1,"minecraft:chest":19,"projecte:alchemical_chest":1,"minecraft:stone":1,"allthecompressed:cobblestone_1x":69,"minecraft:soul_sand":79,"plonk:placed_items":1,"minecraft:carrot":8,"integrateddynamics:squeezer":3,"mekanismgenerators:wind_generator":1,"ironfurnaces:iron_furnace":1,"minecraft:oak_sapling":146,"minecraft:furnace":3,"allthecompressed:basalt_1x":8,"minecraft:stone_pickaxe":21,"minecraft:oak_planks":6,"minecraft:sugar_cane":6,"minecraft:sand":6,"croptopia:scrambled_eggs":1,"minecraft:lever":2,"mekanism:metallurgic_infuser":1,"minecraft:gravel":3628,"exmachinis:flux_hammer":2,"croptopia:toast":16,"exdeorum:oak_crucible":1,"functionalstorage:oak_1":12,"exmachinis:flux_sieve":3,"minecraft:coarse_dirt":49,"exdeorum:mycelium_spores":2,"xycraft_machines:stake":3,"cookingforblockheads:sink":1,"minecraft:oak_trapdoor":4,"exdeorum:crook":2128,"minecraft:torch":20,"minecraft:dirt":52,"exdeorum:silk_worm":11,"functionalstorage:simple_compacting_drawer":1,"minecraft:iron_axe":284,"utilitarian:snad":4,"exdeorum:crushed_deepslate":2,"minecraft:barrel":1,"allthecompressed:diorite_1x":8,"alltheores:tin_ore":2,"exdeorum:stone_hammer":104,"minecraft:cooked_beef":2,"minecraft:cobbled_deepslate":2,"minecraft:pointed_dripstone":1,"exdeorum:oak_sieve":107,"minecraft:wheat_seeds":4,"minecraft:water_bucket":4,"minecraft:iron_ore":168,"allthecompressed:andesite_1x":6,"minecraft:gold_ore":46,"minecraft:oak_slab":886,"minecraft:crafting_table":2,"constructionwand:stone_wand":94,"exdeorum:stone_barrel":2,"minecraft:oak_log":1,"exdeorum:dust":2,"minecraft:wooden_hoe":2,"minecraft:apple":9,"functionalstorage:oak_4":7,"allthecompressed:sand_1x":8,"allthecompressed:gravel_1x":1,"minecraft:iron_pickaxe":225,"minecraft:stone_axe":32,"allthecompressed:cobbled_deepslate_1x":10,"minecraft:cobblestone":69,"minecraft:bucket":4},"minecraft:killed":{"minecraft:spider":1,"minecraft:trader_llama":2,"minecraft:phantom":4},"minecraft:crafted":{"minecraft:oak_planks":252,"immersiveengineering:hammer":1,"minecraft:oak_sign":1,"allthecompressed:basalt_1x":8,"projecte:alchemical_chest":1,"alltheores:silver_ore":213,"ironfurnaces:iron_furnace":1,"croptopia:toast":22,"minecraft:stone":9,"projecte:high_covalence_dust":1,"minecraft:lever":1,"projecte:repair_talisman":1,"allthecompressed:cobbled_deepslate_1x":10,"alltheores:osmium_ore":70,"minecraft:iron_bars":16,"minecraft:granite":69,"alltheores:tin_ingot":0,"minecraft:glass":8,"minecraft:hopper":2,"alltheores:aluminum_ore":42,"alltheores:nickel_ore":99,"minecraft:polished_blackstone":5,"minecraft:chest":29,"minecraft:copper_block":10,"functionalstorage:configuration_tool":1,"alltheores:steel_dust":4,"exdeorum:stone_hammer":2,"mekanism:energy_tablet":2,"integrateddynamics:squeezer":1,"rftoolspower:coalgenerator":1,"minecraft:oak_slab":154,"exdeorum:oak_barrel":1,"minecraft:crafting_table":3,"minecraft:gold_ore":29,"minecraft:gravel":2,"minecraft:copper_ingot":82,"minecraft:diorite":82,"alltheores:lead_ore":98,"exdeorum:oak_crucible":1,"minecraft:wooden_hoe":5,"minecraft:paper":4,"minecraft:charcoal":47,"exdeorum:flint_mesh":24,"constructionwand:stone_wand":7,"minecraft:stick":25,"minecraft:iron_ingot":205,"minecraft:iron_pickaxe":1,"projecte:medium_covalence_dust":1,"minecraft:iron_block":5,"minecraft:iron_ore":294,"minecraft:gold_ingot":0,"exdeorum:oak_sieve":6,"minecraft:redstone_torch":2,"exmachinis:flux_sieve":1,"functionalstorage:simple_compacting_drawer":1,"mekanismgenerators:wind_generator":1,"rftoolsbase:machine_frame":1,"alltheores:aluminum_ingot":3,"minecraft:cobbled_deepslate":98,"minecraft:furnace":3,"alltheores:gold_dust":104,"minecraft:piston":1,"exdeorum:diamond_mesh":25,"minecraft:bone_meal":1,"allthecompressed:cobblestone_1x":22,"minecraft:oak_trapdoor":4,"functionalstorage:linking_tool":1,"minecraft:glass_pane":1,"alltheores:copper_ore_hammer":2,"minecraft:basalt":93,"projecte:white_alchemical_bag":1,"alltheores:tin_ore":139,"utilitarian:snad":3,"minecraft:iron_axe":1,"exdeorum:string_mesh":1,"allthecompressed:diorite_1x":8,"minecraft:stone_pickaxe":1,"allthecompressed:andesite_1x":6,"exdeorum:iron_mesh":24,"functionalstorage:oak_1":5,"xycraft_machines:stake":1,"minecraft:sugar":1,"exdeorum:golden_mesh":25,"alltheores:osmium_ingot":1,"exdeorum:diamond_hammer":1,"mekanism:metallurgic_infuser":1,"alltheores:zinc_ore":73,"pickletweaks:flint_shears":1,"functionalstorage:oak_4":2,"minecraft:copper_ore":44,"minecraft:bucket":1,"crafting_on_a_stick:crafting_table":1,"minecraft:stone_axe":1,"projecte:low_covalence_dust":1,"minecraft:bread":44,"minecraft:air":4887,"exdeorum:crook":25,"minecraft:blue_dye":2,"functionalstorage:copper_upgrade":3,"minecraft:white_wool":17,"minecraft:cobblestone":349,"minecraft:gold_nugget":1,"alltheores:tin_dust":6,"minecraft:blackstone":96,"alltheores:iron_dust":115,"allthecompressed:blackstone_1x":8,"exmachinis:flux_hammer":1,"minecraft:andesite":75,"minecraft:torch":4,"minecraft:soul_sand":1},"minecraft:broken":{"constructionwand:stone_wand":3,"exdeorum:crook":16}},"DataVersion":3465}