{"stats":{"minecraft:mined":{"minecraft:tall_grass":2},"minecraft:picked_up":{"occultism:datura_seeds":1,"minecraft:sand":64,"immersiveengineering:seed":2,"thermal:onion_seeds":1,"integrateddynamics:on_the_dynamics_of_integration":1},"minecraft:custom":{"minecraft:jump":21,"minecraft:open_chest":2,"minecraft:time_since_rest":17705,"minecraft:sprint_one_cm":3836,"minecraft:play_time":17705,"minecraft:time_since_death":17705,"minecraft:walk_one_cm":11976,"minecraft:total_world_time":17705,"minecraft:interact_with_crafting_table":1,"minecraft:fall_one_cm":269,"minecraft:fly_one_cm":4622},"minecraft:used":{"occultism:datura_seeds":3}},"DataVersion":3465}