{"stats":{"minecraft:killed":{"minecraft:trader_llama":4,"minecraft:wandering_trader":1},"minecraft:picked_up":{"occultism:datura_seeds":1,"exdeorum:mycelium_spores":5,"mekanism:metallurgic_infuser":1,"exdeorum:deepslate_pebble":88,"rftoolspower:coalgenerator":1,"integrateddynamics:on_the_dynamics_of_integration":2,"minecraft:leather":4,"cobblefordays:tier_5":1,"minecraft:lead":4,"minecraft:potato":12,"minecraft:flint":49,"minecraft:sand":64,"integrateddynamics:squeezer":1,"minecraft:carrot":13,"thermal:onion_seeds":1,"exdeorum:grass_seeds":17,"exdeorum:string_mesh":1,"mekanismgenerators:wind_generator":1,"immersiveengineering:seed":2,"mysticalagriculture:inferium_essence":2,"exdeorum:oak_sieve":1,"exdeorum:stone_pebble":288,"minecraft:gold_ingot":4,"allthecompressed:cobblestone_1x":398,"minecraft:bamboo":2,"ironfurnaces:iron_furnace":1,"minecraft:coal":53},"minecraft:mined":{"mekanismgenerators:wind_generator":1,"ironfurnaces:iron_furnace":1,"rftoolspower:coalgenerator":1,"cobblefordays:tier_5":1,"integrateddynamics:squeezer":1,"allthecompressed:cobblestone_1x":3,"exdeorum:oak_sieve":1,"minecraft:tall_grass":2,"mekanism:metallurgic_infuser":1},"minecraft:used":{"exdeorum:oak_sieve":1,"supplementaries:pedestal":1,"cobblefordays:tier_5":1,"mekanismgenerators:wind_generator":1,"minecraft:stone_pickaxe":2,"minecraft:iron_pickaxe":7,"mekanism:metallurgic_infuser":1,"occultism:datura_seeds":3,"rftoolspower:coalgenerator":1,"minecraft:iron_sword":2,"allthecompressed:cobblestone_1x":1,"minecraft:stone_axe":29,"ironfurnaces:iron_furnace":1,"minecraft:dirt":50,"minecraft:cobblestone":1,"minecraft:oak_sapling":2,"minecraft:cooked_beef":2,"integrateddynamics:squeezer":1},"minecraft:crafted":{"exdeorum:golden_mesh":1,"minecraft:cobblestone":81,"exdeorum:flint_mesh":1,"exdeorum:string_mesh":1,"minecraft:iron_pickaxe":1,"minecraft:furnace":1,"exdeorum:diamond_mesh":1,"exdeorum:compressed_stone_hammer":1,"exdeorum:stone_hammer":10,"exdeorum:iron_mesh":1},"minecraft:custom":{"minecraft:time_since_rest":64095,"minecraft:interact_with_furnace":2,"minecraft:sprint_one_cm":49864,"minecraft:damage_taken":50,"minecraft:walk_one_cm":103628,"minecraft:mob_kills":5,"minecraft:damage_dealt":1243,"minecraft:fly_one_cm":72817,"minecraft:interact_with_crafting_table":1,"minecraft:open_chest":28,"minecraft:crouch_one_cm":192,"minecraft:play_time":64095,"minecraft:sneak_time":145,"tombstone:villager_killed":1,"minecraft:jump":305,"minecraft:leave_game":2,"minecraft:time_since_death":64095,"minecraft:total_world_time":64095,"minecraft:fall_one_cm":4951}},"DataVersion":3465}