{"stats":{"minecraft:custom":{"minecraft:animals_bred":1,"minecraft:interact_with_crafting_table":303,"minecraft:leave_game":2,"minecraft:time_since_death":18799,"minecraft:sprint_one_cm":1414156,"minecraft:drop":267,"minecraft:talked_to_villager":16,"minecraft:play_time":638980,"minecraft:deaths":5,"minecraft:jump":2533,"minecraft:walk_on_water_one_cm":5974,"minecraft:interact_with_furnace":185,"minecraft:traded_with_villager":7,"minecraft:sleep_in_bed":14,"minecraft:damage_dealt":973,"minecraft:player_kills":1,"minecraft:crouch_one_cm":101630,"tombstone:undead_killed":2,"minecraft:mob_kills":5,"minecraft:damage_dealt_resisted":0,"minecraft:walk_one_cm":1225808,"minecraft:sneak_time":43133,"minecraft:walk_under_water_one_cm":7264,"minecraft:total_world_time":638980,"minecraft:time_since_rest":18641,"minecraft:damage_taken":5132,"minecraft:use_wand":540,"minecraft:fly_one_cm":627111,"minecraft:open_chest":637,"minecraft:fall_one_cm":697467},"minecraft:picked_up":{"minecraft:wooden_axe":1,"exdeorum:mycelium_spores":6,"minecraft:wheat":19,"exdeorum:dust":2455,"minecraft:lead":5,"minecraft:prismarine_shard":23,"cobblefordays:tier_5":1,"create:spout":1,"cobblefordays:tier_3":2,"cobblefordays:tier_4":4,"minecraft:enchanted_book":1,"minecraft:potion":2,"exdeorum:iron_ore_chunk":884,"xycraft_world:xychorium_storage_green":5,"exdeorum:stone_hammer":1,"refinedstorage:controller":1,"refinedstorage:grid":1,"exdeorum:grass_seeds":2,"minecraft:string":595,"thermal:sulfur":43,"minecraft:sea_pickle":11,"cobblefordays:tier_1":3,"mysticalagriculture:inferium_essence":7,"minecraft:cobbled_deepslate":1,"minecraft:bucket":1,"minecraft:cobblestone_slab":149,"minecraft:coal_block":78,"functionalstorage:linking_tool":2,"xycraft_world:xychorium_gem_green":96,"minecraft:stick":42,"apotheosis:gem":2,"minecraft:torch":54,"mysticalagriculture:prosperity_shard":75,"create:andesite_casing":3,"minecraft:dried_kelp":285,"minecraft:pointed_dripstone":410,"minecraft:diorite":2,"thermal:apatite":46,"create:large_cogwheel":4,"minecraft:cactus":25,"minecraft:rotten_flesh":9,"summoningrituals:altar":2,"create:copper_casing":1,"exdeorum:tin_ore_chunk":462,"supplementaries:ash":15,"minecraft:blaze_powder":96,"minecraft:cobblestone":2254,"exdeorum:crook":4,"exdeorum:osmium_ore_chunk":382,"exdeorum:basalt_pebble":242,"exdeorum:stone_barrel":4,"create:fluid_tank":1,"minecraft:magma_cream":2,"minecraft:andesite":19,"enderio:grains_of_infinity":204,"minecraft:potato":6,"minecraft:flint":3990,"ae2:charged_certus_quartz_crystal":5,"minecraft:lapis_lazuli":449,"exdeorum:nickel_ore_chunk":439,"minecraft:dirt":1234,"minecraft:glass":40,"minecraft:bone":12,"minecraft:bow":1,"minecraft:wheat_seeds":51,"minecraft:raw_gold":27,"create:shaft":4,"mysticalagriculture:soulium_dust":22,"minecraft:glowstone_dust":263,"minecraft:oak_planks":85,"ironfurnaces:iron_furnace":2,"minecraft:ghast_tear":96,"exdeorum:crushed_blackstone":36,"botania:pink_petal":3,"create:cogwheel":2,"xycraft_world:xychorium_gem_red":85,"ae2:certus_quartz_crystal":20,"exdeorum:flint_mesh":7,"minecraft:sand":5334,"integrateddynamics:squeezer":2,"minecraft:granite_slab":12,"minecraft:grass_block":3,"minecraft:dead_bush":23,"minecraft:barrel":1,"xycraft_world:xychorium_gem_dark":109,"xycraft_world:xychorium_gem_light":103,"minecraft:clay":63,"minecraft:diamond":98,"minecraft:slime_block":4,"constructionwand:stone_wand":2,"allthecompressed:blackstone_1x":8,"cobblefordays:tier_2":3,"thermal:dynamo_compression":3,"minecraft:granite":66,"minecraft:bone_meal":201,"minecraft:grass":1,"exdeorum:copper_ore_chunk":738,"minecraft:emerald":49,"minecraft:oak_sapling":112,"minecraft:oak_leaves":96,"create:white_sail":8,"croptopia:toast":1,"exdeorum:gold_ore_chunk":388,"functionalstorage:oak_1":1,"minecraft:charcoal":679,"alltheores:osmium_ingot":110,"minecraft:coarse_dirt":26,"minecraft:nether_wart":118,"minecraft:clay_ball":32,"functionalstorage:oak_2":1,"thermal:cinnabar":53,"exdeorum:oak_barrel":9,"functionalstorage:configuration_tool":1,"exdeorum:blackstone_pebble":260,"exdeorum:porcelain_clay_ball":2,"create:fluid_pipe":5,"exdeorum:granite_pebble":139,"exdeorum:string_mesh":29,"refinedstorage:crafting_grid":1,"exdeorum:golden_mesh":1,"minecraft:blackstone":1,"exdeorum:iron_mesh":3,"exdeorum:zinc_ore_chunk":329,"minecraft:iron_nugget":73,"exdeorum:compressed_stone_hammer":2,"allthecompressed:cobblestone_1x":222,"minecraft:sugar_cane":6,"minecraft:copper_ore":90,"exdeorum:platinum_ore_chunk":1,"create:windmill_bearing":3,"create:hand_crank":4,"minecraft:carrot":2,"minecraft:redstone":191,"refinedstorage:4k_storage_part":1,"minecraft:prismarine_crystals":19,"exdeorum:silk_worm":10,"minecraft:arrow":10,"xycraft_world:xychorium_gem_blue":90,"ae2:certus_quartz_dust":144,"exdeorum:diorite_pebble":145,"minecraft:hay_block":2,"xycraft_world:xychorium_storage_light":5,"create:depot":1,"everlastingabilities:ability_bottle":2,"exdeorum:andesite_pebble":144,"exdeorum:crushed_deepslate":90,"minecraft:stripped_oak_log":3,"minecraft:basalt":14,"rftoolspower:coalgenerator":3,"minecraft:leather":4,"forcecraft:force_gem":240,"minecraft:oak_log":263,"minecraft:gunpowder":257,"minecraft:wooden_hoe":1,"minecraft:paper":2,"pickletweaks:flint_shears":1,"mekanism:salt":225,"ae2:sky_dust":156,"minecraft:apple":14,"minecraft:kelp":206,"exdeorum:oak_sieve":34,"exdeorum:stone_pebble":836,"minecraft:iron_ingot":20,"minecraft:stone_pickaxe":1,"refinedstorage:basic_processor":5,"minecraft:soul_sand":484,"minecraft:oak_slab":46,"exdeorum:deepslate_pebble":281,"exdeorum:lead_ore_chunk":387,"allthecompressed:gravel_1x":86,"minecraft:quartz":88,"minecraft:gravel":6628,"minecraft:amethyst_shard":239,"exdeorum:silver_ore_chunk":407,"xycraft_world:xychorium_storage_red":5,"forbidden_arcanus:arcane_crystal":84,"cookingforblockheads:sink":2,"exdeorum:aluminum_ore_chunk":860,"create:encased_fan":1,"create:mechanical_pump":3,"mekanism:fluorite_gem":44,"exdeorum:uranium_ore_chunk":1,"xycraft_world:xychorium_storage_blue":5,"minecraft:coal":1642,"alltheores:copper_ore_hammer":2},"minecraft:killed_by":{"minecraft:player":2},"minecraft:mined":{"thermal:dynamo_compression":3,"create:copper_casing":1,"supplementaries:raked_gravel":8,"minecraft:farmland":1005,"create:andesite_casing":3,"minecraft:grass_block":15,"integrateddynamics:squeezer":1,"cobblefordays:tier_1":1,"refinedstorage:grid":1,"allthecompressed:sand_1x":270,"minecraft:granite_slab":22,"cobblefordays:tier_4":1,"exdeorum:oak_sieve":33,"minecraft:tripwire":1,"create:cogwheel":2,"minecraft:kelp_plant":90,"supplementaries:book_pile":1,"minecraft:soul_fire":2,"allthecompressed:cobbled_deepslate_1x":10,"minecraft:clay":8,"minecraft:torch":47,"cobblefordays:tier_3":1,"minecraft:cobblestone":31,"minecraft:sugar_cane":3,"minecraft:oak_planks":26,"minecraft:wall_torch":6,"cobblefordays:tier_2":1,"minecraft:wheat":18,"exdeorum:stone_barrel":5,"create:spout":1,"minecraft:grass":3,"minecraft:oak_log":175,"exdeorum:oak_barrel":9,"create:hand_crank":2,"minecraft:sand":12,"minecraft:dirt":124,"allthecompressed:cobblestone_1x":773,"refinedstorage:controller":1,"minecraft:oak_leaves":868,"allthecompressed:blackstone_1x":4,"create:fluid_tank":1,"functionalstorage:oak_1":1,"create:large_cogwheel":4,"create:depot":1,"create:encased_fan":1,"minecraft:kelp":17,"create:shaft":2,"allthecompressed:diorite_1x":8,"create:white_sail":9,"minecraft:andesite":19,"create:windmill_bearing":4,"minecraft:cobblestone_slab":4,"allthecompressed:andesite_1x":6,"minecraft:stripped_oak_log":3,"minecraft:oak_slab":61,"exdeorum:infested_leaves":256,"create:fluid_pipe":5,"cobblefordays:tier_5":1,"create:mechanical_pump":3,"allthecompressed:gravel_1x":424,"minecraft:coarse_dirt":25,"summoningrituals:altar":2,"minecraft:mycelium":1,"minecraft:gravel":35},"minecraft:dropped":{"minecraft:clay":2,"minecraft:soul_sand":148,"integrateddynamics:squeezer":2,"constructionwand:stone_wand":1,"refinedstorage:4k_storage_part":1,"minecraft:flint":8,"minecraft:dirt":221,"minecraft:ice":1,"exdeorum:dust":38,"exdeorum:compressed_stone_hammer":2,"minecraft:bone_meal":5,"refinedstorage:crafting_grid":1,"minecraft:sand":2750,"minecraft:gravel":81,"minecraft:sugar_cane":1,"exdeorum:string_mesh":25,"minecraft:pointed_dripstone":110,"cobblefordays:tier_2":2,"cobblefordays:tier_3":1,"minecraft:iron_ore":7,"powah:wrench":1,"cookingforblockheads:sink":2,"minecraft:iron_ingot":22,"exdeorum:stone_barrel":3,"minecraft:wheat_seeds":4,"allthecompressed:cobblestone_1x":594,"exdeorum:mycelium_spores":1,"minecraft:cobblestone":13,"exdeorum:oak_sieve":23,"cobblefordays:tier_1":2,"exdeorum:iron_mesh":1,"exdeorum:iron_ore_chunk":2,"exdeorum:porcelain_crucible":1,"everlastingabilities:ability_bottle":1,"minecraft:lava_bucket":1,"exdeorum:witch_water_bucket":1,"minecraft:wooden_hoe":1,"minecraft:wooden_axe":2,"alltheores:copper_ore_hammer":1,"minecraft:cactus":1,"cobblefordays:tier_4":3,"minecraft:coarse_dirt":48,"ironfurnaces:iron_furnace":1,"exdeorum:flint_mesh":1,"exdeorum:porcelain_clay_ball":2,"minecraft:cobblestone_slab":102,"minecraft:oak_sapling":32,"rftoolspower:coalgenerator":3,"exdeorum:stone_hammer":1},"minecraft:used":{"minecraft:oak_sign":1,"minecraft:chest":15,"minecraft:stone":2,"allthecompressed:cobblestone_1x":513,"create:cogwheel":6,"create:fluid_tank":1,"minecraft:soul_sand":365,"create:white_sail":18,"functionalstorage:oak_2":1,"create:depot":2,"refinedstorage:controller":2,"minecraft:lava_bucket":1,"minecraft:grass_block":54,"summoningrituals:altar":2,"ironfurnaces:iron_furnace":1,"create:shaft":2,"minecraft:oak_sapling":50,"minecraft:furnace":2,"refinedstorage:disk_drive":1,"minecraft:stone_pickaxe":30,"minecraft:oak_planks":77,"minecraft:wooden_pickaxe":35,"minecraft:composter":1,"minecraft:sugar_cane":3,"minecraft:clay":8,"minecraft:oak_leaves":19,"create:spout":2,"minecraft:sand":376,"thermal:dynamo_compression":3,"exdeorum:oak_barrel":15,"cobblefordays:tier_3":1,"minecraft:bread":2,"minecraft:string":1,"minecraft:gravel":8015,"minecraft:granite_slab":117,"croptopia:toast":24,"minecraft:andesite":23,"exdeorum:compressed_stone_hammer":1505,"minecraft:coarse_dirt":990,"minecraft:bone_meal":1,"exdeorum:mycelium_spores":3,"create:large_cogwheel":6,"cookingforblockheads:sink":1,"minecraft:oak_fence":79,"minecraft:flint_and_steel":4,"farmingforblockheads:market":1,"exdeorum:crook":896,"minecraft:stone_hoe":9,"refinedstorage:grid":1,"minecraft:torch":27,"create:mechanical_pump":4,"exdeorum:witch_water_bucket":2,"minecraft:dirt":367,"cobblefordays:tier_2":1,"exdeorum:silk_worm":1,"minecraft:oak_fence_gate":1,"cobblefordays:tier_4":1,"minecraft:wooden_axe":383,"cobblefordays:tier_5":1,"thermal:dynamo_stirling":1,"exdeorum:crushed_deepslate":90,"exdeorum:porcelain_crucible":1,"cobblefordays:tier_1":1,"torchmaster:feral_flare_lantern":4,"exdeorum:stone_hammer":56,"create:fluid_pipe":7,"tombstone:gift":1,"minecraft:cooked_beef":30,"exdeorum:oak_sieve":36,"minecraft:wheat_seeds":32,"minecraft:water_bucket":52,"minecraft:cobblestone_slab":346,"create:encased_fan":2,"minecraft:oak_slab":454,"minecraft:crafting_table":4,"exdeorum:crushed_blackstone":36,"constructionwand:stone_wand":85,"minecraft:campfire":1,"minecraft:white_bed":1,"exdeorum:stone_barrel":4,"exdeorum:dust":1833,"minecraft:oak_log":32,"minecraft:wooden_hoe":251,"minecraft:apple":14,"create:windmill_bearing":4,"allthecompressed:sand_1x":264,"minecraft:iron_pickaxe":34,"allthecompressed:gravel_1x":283,"refinedstorage:crafting_grid":1,"minecraft:enchanted_book":1,"minecraft:cobblestone":52,"minecraft:bucket":80,"create:hand_crank":5,"minecraft:kelp":5},"minecraft:killed":{"minecraft:spider":2,"minecraft:skeleton":1,"minecraft:zombie":1},"minecraft:crafted":{"minecraft:oak_planks":278,"minecraft:cobblestone_slab":56,"minecraft:barrel":2,"minecraft:oak_sign":3,"alltheores:silver_ore":30,"croptopia:toast":49,"refinedstorage:controller":1,"minecraft:stone":30,"exdeorum:unfired_porcelain_crucible":1,"alltheores:osmium_ore":11,"minecraft:glass":19,"refinedstorage:crafting_grid":1,"alltheores:aluminum_ore":52,"alltheores:nickel_ore":37,"refinedstorage:4k_storage_part":4,"refinedstorage:grid":1,"alltheores:iron_gear":1,"allthecompressed:sand_1x":264,"minecraft:chest":28,"create:spout":1,"minecraft:copper_block":8,"minecraft:poppy":5,"refinedstorage:processor_binding":32,"refinedstorage:disk_drive":1,"minecraft:stone_hoe":11,"minecraft:oak_fence":81,"create:cogwheel":4,"exdeorum:stone_hammer":10,"exdeorum:porcelain_crucible":1,"cobblefordays:tier_2":1,"refinedstorage:raw_advanced_processor":3,"create:depot":1,"minecraft:oak_slab":181,"exdeorum:oak_barrel":4,"minecraft:crafting_table":5,"minecraft:gravel":128,"minecraft:gold_ore":118,"create:fluid_pipe":4,"refinedstorage:storage_housing":1,"minecraft:wooden_pickaxe":1,"minecraft:red_wool":3,"minecraft:copper_ingot":11,"alltheores:bronze_ingot":12,"minecraft:hay_block":1,"minecraft:campfire":1,"refinedstorage:basic_processor":2,"alltheores:copper_plate":4,"minecraft:diorite":1,"cobblefordays:tier_1":1,"alltheores:lead_ore":26,"create:encased_fan":1,"minecraft:wooden_hoe":7,"minecraft:charcoal":278,"constructionwand:stone_wand":7,"exdeorum:flint_mesh":3,"create:super_glue":1,"minecraft:stick":224,"minecraft:stone_slab":12,"minecraft:iron_pickaxe":1,"create:mechanical_pump":1,"minecraft:iron_ingot":42,"minecraft:iron_ore":155,"minecraft:gold_ingot":8,"exdeorum:oak_sieve":22,"create:large_cogwheel":1,"create:propeller":1,"farmingforblockheads:market":1,"refinedstorage:machine_casing":3,"minecraft:composter":1,"alltheores:bronze_gear":1,"minecraft:coarse_dirt":325,"refinedstorage:16k_storage_disk":1,"refinedstorage:16k_storage_part":1,"minecraft:iron_nugget":81,"alltheores:aluminum_ingot":29,"create:white_sail":10,"minecraft:cobbled_deepslate":3,"minecraft:furnace":2,"minecraft:bone_meal":3,"refinedstorage:quartz_enriched_iron":64,"allthecompressed:cobblestone_1x":730,"minecraft:flint_and_steel":2,"allthecompressed:gravel_1x":772,"refinedstorage:advanced_processor":3,"alltheores:copper_ore_hammer":1,"refinedstorage:destruction_core":1,"minecraft:terracotta":14,"alltheores:tin_ore":28,"exdeorum:string_mesh":28,"minecraft:slime_ball":6,"minecraft:stone_pickaxe":1,"create:fluid_tank":1,"thermal:dynamo_compression":1,"refinedstorage:silicon":52,"create:windmill_bearing":1,"dankstorage:dank_1":1,"refinedstorage:1k_storage_part":10,"minecraft:coal_block":6,"minecraft:red_dye":5,"exdeorum:stone_barrel":2,"create:andesite_alloy":13,"create:hand_crank":1,"summoningrituals:altar":1,"alltheores:zinc_ore":60,"minecraft:dried_kelp":5,"pickletweaks:flint_shears":1,"refinedstorage:raw_improved_processor":6,"minecraft:copper_ore":207,"exdeorum:compressed_stone_hammer":28,"minecraft:bucket":5,"functionalstorage:oak_2":4,"alltheores:iron_plate":1,"minecraft:red_carpet":3,"minecraft:air":7305,"cobblefordays:tier_3":1,"cobblefordays:tier_5":1,"exdeorum:crook":6,"exdeorum:porcelain_clay_ball":14,"minecraft:oak_fence_gate":1,"functionalstorage:copper_upgrade":3,"minecraft:white_wool":23,"minecraft:cobblestone":183,"refinedstorage:raw_basic_processor":2,"minecraft:blackstone":2,"minecraft:wooden_axe":6,"torchmaster:feral_flare_lantern":4,"refinedstorage:construction_core":1,"minecraft:white_bed":1,"create:shaft":8,"refinedstorage:improved_processor":6,"minecraft:andesite":8,"minecraft:torch":15,"cookingforblockheads:sink":2,"thermal:rf_coil":2,"minecraft:granite_slab":21,"thermal:dynamo_stirling":1,"minecraft:soul_sand":9,"cobblefordays:tier_4":1,"alltheores:aluminum_plate":4},"minecraft:broken":{"constructionwand:stone_wand":1,"minecraft:stone_hoe":3,"exdeorum:crook":7,"minecraft:wooden_hoe":1}},"DataVersion":3465}