{"stats":{"minecraft:custom":{"minecraft:interact_with_furnace":9,"minecraft:mob_kills":3,"minecraft:interact_with_crafting_table":18,"minecraft:leave_game":2,"minecraft:time_since_death":25230,"minecraft:time_since_rest":25171,"minecraft:sprint_one_cm":115334,"minecraft:damage_taken":607,"minecraft:walk_one_cm":207517,"minecraft:drop":13,"minecraft:damage_dealt":1847,"minecraft:fly_one_cm":20903,"minecraft:player_kills":2,"minecraft:open_chest":32,"minecraft:crouch_one_cm":7462,"minecraft:deaths":1,"minecraft:play_time":79371,"minecraft:sneak_time":4372,"minecraft:jump":179,"minecraft:total_world_time":79371,"minecraft:fall_one_cm":1885},"minecraft:picked_up":{"exdeorum:crook":3,"exdeorum:osmium_ore_chunk":1,"minecraft:wheat":17,"exdeorum:basalt_pebble":28,"minecraft:leather":1,"minecraft:lead":2,"minecraft:oak_log":42,"exdeorum:blackstone_pebble":23,"minecraft:string":55,"minecraft:dirt":31,"exdeorum:granite_pebble":34,"minecraft:apple":9,"mysticalagriculture:inferium_essence":1,"minecraft:bow":1,"minecraft:wheat_seeds":46,"exdeorum:stone_pebble":170,"minecraft:rose_bush":1,"exdeorum:compressed_stone_hammer":1,"minecraft:oak_slab":1,"minecraft:stick":39,"apotheosis:gem":1,"exdeorum:deepslate_pebble":21,"minecraft:oak_door":2,"minecraft:torch":4,"minecraft:gravel":2,"minecraft:spider_eye":1,"exdeorum:silk_worm":8,"constructionwand:stone_wand":1,"exdeorum:diorite_pebble":27,"exdeorum:andesite_pebble":22,"minecraft:oak_sapling":70,"minecraft:coal":1,"minecraft:sunflower":1},"minecraft:killed_by":{"minecraft:player":1},"minecraft:mined":{"minecraft:farmland":2,"minecraft:oak_door":2,"exdeorum:infested_leaves":128,"minecraft:torch":4,"minecraft:grass_block":24,"minecraft:rose_bush":2,"minecraft:cobblestone":2,"minecraft:wheat":8,"minecraft:oak_log":31,"minecraft:sunflower":1,"minecraft:dirt":14,"minecraft:oak_leaves":592},"minecraft:dropped":{"minecraft:bread":5,"minecraft:oak_slab":65,"croptopia:toast":3,"minecraft:cobblestone":9,"constructionwand:stone_wand":1,"exdeorum:compressed_stone_hammer":1},"minecraft:used":{"exdeorum:oak_sieve":1,"minecraft:wheat_seeds":10,"minecraft:oak_planks":56,"minecraft:chest":1,"exdeorum:crook":640,"allthecompressed:cobblestone_1x":1,"minecraft:oak_door":2,"minecraft:torch":1,"minecraft:dirt":24,"minecraft:oak_slab":26,"exdeorum:silk_worm":17,"exdeorum:stone_barrel":1,"minecraft:wooden_hoe":25,"exdeorum:oak_barrel":1,"minecraft:wooden_axe":46,"minecraft:apple":6,"croptopia:toast":2,"minecraft:cobblestone":3,"exdeorum:wooden_hammer":10,"minecraft:oak_sapling":7,"tombstone:gift":2},"minecraft:killed":{"minecraft:spider":1,"minecraft:trader_llama":2},"minecraft:crafted":{"exdeorum:stone_barrel":1,"minecraft:oak_slab":23,"minecraft:oak_planks":48,"minecraft:cobblestone_slab":6,"exdeorum:oak_barrel":2,"minecraft:cobbled_deepslate":2,"croptopia:toast":11,"minecraft:stone":10,"minecraft:bread":5,"minecraft:air":327,"exdeorum:crook":2,"minecraft:basalt":3,"minecraft:wooden_hoe":1,"minecraft:cobblestone":23,"exdeorum:string_mesh":1,"minecraft:stone_slab":6,"exdeorum:wooden_hammer":1,"minecraft:wooden_axe":2,"croptopia:flour":1,"minecraft:chest":1,"exdeorum:oak_sieve":1,"minecraft:andesite":2},"minecraft:broken":{"exdeorum:crook":5}},"DataVersion":3465}