{"stats":{"minecraft:dropped":{"minecraft:soul_sand":84,"allthecompressed:cobblestone_1x":209,"exdeorum:mycelium_spores":1,"integrateddynamics:squeezer":1,"minecraft:cobblestone":306,"minecraft:lead":1,"minecraft:leather":3,"constructionwand:stone_wand":1,"minecraft:copper_ingot":4,"cobblefordays:tier_1":1,"exdeorum:iron_mesh":1,"minecraft:flint":1,"minecraft:dirt":29,"minecraft:lava_bucket":1,"minecraft:ice":1,"exdeorum:compressed_stone_hammer":1,"alltheores:copper_ore_hammer":2,"refinedstorage:crafting_grid":1,"minecraft:sand":108,"cobblefordays:tier_4":1,"minecraft:bucket":1,"minecraft:redstone":4,"refinedstorage:basic_processor":5,"refinedstorage:controller":1,"ironfurnaces:iron_furnace":1,"exdeorum:flint_mesh":1,"minecraft:stripped_oak_log":1,"cobblefordays:tier_2":1,"minecraft:cobblestone_slab":148,"cobblefordays:tier_3":1,"forcecraft:force_gem":10,"minecraft:charcoal":16,"rftoolspower:coalgenerator":1,"cookingforblockheads:sink":1},"minecraft:mined":{"minecraft:white_bed":3,"minecraft:oak_sapling":8,"minecraft:farmland":70,"plonk:placed_items":1,"minecraft:oak_door":3,"functionalstorage:oak_1":4,"minecraft:grass_block":25,"minecraft:oak_pressure_plate":2,"minecraft:coal_block":1,"minecraft:furnace":4,"functionalstorage:oak_4":2,"minecraft:granite_slab":6,"exdeorum:oak_sieve":4,"minecraft:stripped_oak_log":1,"minecraft:oak_slab":490,"minecraft:crafting_table":3,"minecraft:clay":3,"minecraft:torch":19,"minecraft:chest":16,"minecraft:rose_bush":1,"minecraft:cobblestone":268,"minecraft:oak_planks":115,"minecraft:sugar_cane":11,"refinedstorage:disk_drive":1,"minecraft:wall_torch":19,"minecraft:coarse_dirt":9,"cookingforblockheads:sink":1,"minecraft:wheat":578,"exdeorum:dust":1,"exdeorum:stone_barrel":2,"minecraft:oak_log":299,"minecraft:mycelium":1,"exdeorum:oak_barrel":4,"minecraft:sand":13,"minecraft:sunflower":2,"minecraft:gravel":295,"minecraft:dirt":15,"allthecompressed:cobblestone_1x":1674,"minecraft:oak_leaves":250},"minecraft:crafted":{"minecraft:coarse_dirt":35,"minecraft:oak_door":6,"minecraft:oak_planks":276,"minecraft:cobblestone_slab":42,"minecraft:barrel":1,"minecraft:oak_pressure_plate":2,"minecraft:sand":1,"minecraft:furnace":6,"croptopia:toast":36,"allthecompressed:cobblestone_1x":1,"minecraft:granite":16,"minecraft:terracotta":6,"minecraft:glass":32,"minecraft:iron_axe":9,"minecraft:stone_pickaxe":1,"allthecompressed:sand_1x":1,"minecraft:chest":33,"minecraft:stone_hoe":1,"exdeorum:stone_hammer":19,"exdeorum:iron_mesh":1,"functionalstorage:oak_1":22,"dankstorage:dank_1":1,"minecraft:coal_block":78,"minecraft:oak_slab":61,"exdeorum:oak_barrel":1,"minecraft:crafting_table":6,"pickletweaks:flint_shears":1,"minecraft:wooden_pickaxe":1,"functionalstorage:oak_4":1,"minecraft:iron_sword":1,"minecraft:copper_ingot":4,"exdeorum:compressed_stone_hammer":39,"minecraft:bucket":1,"minecraft:stone_axe":2,"minecraft:air":2386,"minecraft:bread":163,"exdeorum:crook":1,"exdeorum:oak_crucible":1,"minecraft:white_wool":7,"minecraft:charcoal":674,"minecraft:wooden_hoe":1,"minecraft:cobblestone":116,"exdeorum:flint_mesh":1,"minecraft:stick":7,"minecraft:iron_ingot":5,"minecraft:iron_pickaxe":1,"minecraft:wooden_axe":1,"minecraft:stone_sword":1,"minecraft:iron_ore":56,"minecraft:white_bed":2,"minecraft:torch":11},"minecraft:broken":{"minecraft:iron_axe":2,"minecraft:stone_axe":1},"minecraft:custom":{"minecraft:mob_kills":8,"minecraft:animals_bred":1,"minecraft:interact_with_crafting_table":133,"minecraft:damage_dealt_resisted":0,"minecraft:leave_game":2,"minecraft:time_since_death":523201,"minecraft:sprint_one_cm":743747,"minecraft:walk_one_cm":1404256,"minecraft:drop":77,"minecraft:talked_to_villager":12,"minecraft:play_time":523201,"minecraft:sneak_time":37064,"minecraft:walk_under_water_one_cm":837,"minecraft:jump":1118,"minecraft:walk_on_water_one_cm":1939,"minecraft:total_world_time":523201,"minecraft:interact_with_furnace":150,"tombstone:raider_killed":2,"minecraft:sleep_in_bed":10,"minecraft:time_since_rest":58249,"minecraft:damage_taken":1209,"minecraft:damage_dealt":1755,"minecraft:fly_one_cm":202973,"minecraft:open_chest":530,"minecraft:crouch_one_cm":125655,"tombstone:undead_killed":4,"minecraft:fall_one_cm":17304},"minecraft:picked_up":{"croptopia:toast":33,"exdeorum:gold_ore_chunk":138,"functionalstorage:oak_1":6,"minecraft:charcoal":16,"minecraft:crafting_table":2,"exdeorum:mycelium_spores":1,"minecraft:coarse_dirt":8,"minecraft:wheat":570,"minecraft:nether_wart":8,"exdeorum:dust":5,"minecraft:prismarine_shard":9,"minecraft:clay_ball":16,"minecraft:lead":2,"cobblefordays:tier_3":1,"thermal:cinnabar":28,"cobblefordays:tier_4":1,"exdeorum:iron_ore_chunk":376,"refinedstorage:controller":1,"exdeorum:oak_barrel":4,"exdeorum:blackstone_pebble":97,"minecraft:string":3,"refinedstorage:crafting_grid":1,"exdeorum:granite_pebble":89,"exdeorum:string_mesh":2,"alltheores:silver_ore":208,"minecraft:blackstone":5,"functionalstorage:oak_4":7,"exdeorum:golden_mesh":1,"minecraft:oak_sign":1,"thermal:sulfur":23,"minecraft:sea_pickle":5,"cobblefordays:tier_1":1,"mysticalagriculture:inferium_essence":2,"minecraft:gold_nugget":7,"minecraft:cobbled_deepslate":8,"exdeorum:iron_mesh":1,"minecraft:bucket":1,"exdeorum:zinc_ore_chunk":133,"minecraft:rose_bush":4,"minecraft:cobblestone_slab":102,"minecraft:iron_nugget":37,"exdeorum:compressed_stone_hammer":1,"allthecompressed:cobblestone_1x":583,"minecraft:coal_block":1,"minecraft:sugar_cane":68,"minecraft:chest":18,"xycraft_world:xychorium_gem_green":13,"minecraft:phantom_membrane":2,"minecraft:furnace":4,"minecraft:stick":100,"botania:lexicon":1,"minecraft:raw_iron":59,"apotheosis:gem":1,"minecraft:oak_door":4,"exdeorum:porcelain_crucible":1,"minecraft:copper_ingot":64,"mysticalagriculture:prosperity_shard":29,"minecraft:torch":43,"minecraft:pointed_dripstone":216,"minecraft:diorite":7,"refinedstorage:disk_drive":1,"minecraft:redstone":26,"minecraft:prismarine_crystals":8,"minecraft:black_dye":4,"thermal:apatite":32,"exdeorum:silk_worm":10,"minecraft:cactus":19,"minecraft:rotten_flesh":1,"xycraft_world:xychorium_gem_blue":12,"ae2:certus_quartz_dust":23,"exdeorum:diorite_pebble":78,"alltheores:lead_ore":107,"exdeorum:tin_ore_chunk":255,"exdeorum:andesite_pebble":87,"alltheores:iron_dust":90,"supplementaries:ash":1,"minecraft:blaze_powder":12,"minecraft:cobblestone":57,"minecraft:stripped_oak_log":1,"exdeorum:osmium_ore_chunk":141,"projecte:low_covalence_dust":38,"exdeorum:basalt_pebble":111,"exdeorum:stone_barrel":4,"minecraft:basalt":8,"minecraft:magma_cream":4,"minecraft:andesite":4,"rftoolspower:coalgenerator":2,"minecraft:leather":3,"enderio:grains_of_infinity":26,"forcecraft:force_gem":43,"minecraft:ice":1,"minecraft:flint":651,"minecraft:oak_log":1202,"minecraft:chainmail_chestplate":1,"ironfurnaces:upgrade_iron":1,"botania:flower_bag":3,"minecraft:gunpowder":54,"ae2:charged_certus_quartz_crystal":3,"minecraft:lapis_lazuli":141,"exdeorum:nickel_ore_chunk":162,"minecraft:dirt":302,"xycraft_machines:stake":1,"mekanism:salt":33,"ae2:sky_dust":29,"minecraft:bone":1,"minecraft:apple":15,"minecraft:kelp":16,"minecraft:wheat_seeds":1538,"minecraft:raw_gold":27,"exdeorum:stone_pebble":439,"exdeorum:oak_sieve":4,"minecraft:iron_ingot":20,"mysticalagriculture:soulium_dust":8,"minecraft:iron_ore":51,"projecte:high_covalence_dust":38,"alltheores:tin_ore":65,"minecraft:glowstone_dust":45,"alltheores:tin_ingot":76,"alltheores:nickel_ore":136,"minecraft:oak_planks":184,"ironfurnaces:iron_furnace":1,"minecraft:soul_sand":191,"minecraft:ghast_tear":10,"minecraft:oak_slab":330,"allthecompressed:sand_1x":1,"exdeorum:deepslate_pebble":122,"exdeorum:lead_ore_chunk":163,"allthecompressed:gravel_1x":1,"xycraft_world:xychorium_gem_red":12,"minecraft:quartz":20,"minecraft:oak_pressure_plate":3,"ae2:certus_quartz_crystal":13,"minecraft:lava_bucket":1,"minecraft:gravel":15174,"exdeorum:flint_mesh":1,"minecraft:sand":426,"minecraft:amethyst_shard":98,"integrateddynamics:squeezer":1,"xycraft_world:xychorium_gem_dark":12,"alltheores:zinc_ore":101,"minecraft:granite_slab":1,"minecraft:white_bed":3,"minecraft:dead_bush":19,"projecte:medium_covalence_dust":38,"exdeorum:silver_ore_chunk":159,"exdeorum:wooden_watering_can":1,"alltheores:osmium_ore":76,"minecraft:spider_eye":2,"forbidden_arcanus:arcane_crystal":16,"cookingforblockheads:sink":2,"xycraft_world:xychorium_gem_light":17,"minecraft:clay":1,"exdeorum:aluminum_ore_chunk":154,"minecraft:diamond":23,"minecraft:stone_axe":1,"constructionwand:stone_wand":4,"cobblefordays:tier_2":1,"botania:fertilizer":2,"minecraft:granite":4,"mekanism:fluorite_gem":28,"exdeorum:uranium_ore_chunk":2,"minecraft:bone_meal":28,"exdeorum:copper_ore_chunk":397,"minecraft:emerald":12,"minecraft:bread":5,"alltheores:aluminum_ingot":65,"minecraft:oak_sapling":294,"botania:gray_petal":3,"minecraft:coal":415,"minecraft:oak_leaves":98,"minecraft:sunflower":5,"alltheores:copper_ore_hammer":1},"minecraft:used":{"minecraft:stone_sword":73,"minecraft:chest":25,"minecraft:iron_sword":6,"allthecompressed:cobblestone_1x":1864,"minecraft:soul_sand":107,"minecraft:stone_hoe":8,"minecraft:oak_door":6,"minecraft:torch":77,"minecraft:dirt":177,"minecraft:glass":16,"minecraft:wooden_axe":21,"minecraft:iron_axe":884,"exdeorum:stone_hammer":516,"minecraft:furnace":10,"minecraft:oak_sapling":211,"minecraft:cooked_beef":2,"refinedstorage:disk_drive":1,"exdeorum:oak_sieve":1,"minecraft:wheat_seeds":570,"minecraft:water_bucket":8,"minecraft:stone_pickaxe":51,"minecraft:oak_planks":108,"minecraft:wooden_pickaxe":2,"minecraft:cobblestone_slab":114,"minecraft:sugar_cane":11,"minecraft:clay":3,"minecraft:sand":13,"minecraft:oak_slab":682,"minecraft:crafting_table":8,"croptopia:scrambled_eggs":1,"minecraft:white_bed":5,"exdeorum:stone_barrel":1,"exdeorum:dust":1,"minecraft:wooden_hoe":19,"exdeorum:oak_barrel":1,"minecraft:apple":5,"functionalstorage:oak_4":11,"minecraft:bread":5,"minecraft:iron_pickaxe":7,"minecraft:oak_pressure_plate":3,"minecraft:gravel":4143,"minecraft:stone_axe":19,"croptopia:toast":22,"minecraft:coal_block":1,"minecraft:cobblestone":893,"functionalstorage:oak_1":28,"minecraft:bucket":8,"exdeorum:compressed_stone_hammer":1676,"minecraft:coarse_dirt":136,"cookingforblockheads:sink":1},"minecraft:killed":{"minecraft:spider":2,"minecraft:phantom":2,"minecraft:trader_llama":2,"minecraft:zombie":2}},"DataVersion":3465}