{
  "exdeorum:core/root": {
    "criteria": {
      "in_void_world": "2024-06-28 00:31:09 +0200"
    },
    "done": true
  },
  "mekanism:root": {
    "criteria": {
      "automatic": "2024-06-28 00:31:10 +0200"
    },
    "done": true
  },
  "mcwfences:recipes/warped": {
    "criteria": {
      "has_warped": "2024-06-28 00:31:10 +0200"
    },
    "done": true
  },
  "ae2wtlib:recipes/wireless_universal_terminal/upgrade_crafting": {
    "criteria": {
      "has_wct": "2024-06-28 00:31:10 +0200"
    },
    "done": true
  },
  "mcwfences:recipes/birch": {
    "criteria": {
      "has_birch": "2024-06-28 00:31:10 +0200"
    },
    "done": true
  },
  "mcwfences:recipes/stone": {
    "criteria": {
      "has_stone": "2024-06-28 00:31:10 +0200"
    },
    "done": true
  },
  "ae2wtlib:recipes/wireless_pattern_encoding_terminal": {
    "criteria": {
      "has_wt": "2024-06-28 00:31:10 +0200"
    },
    "done": true
  },
  "ironfurnaces:coal": {
    "criteria": {
      "rainbowcoal": "2024-06-28 00:31:10 +0200"
    },
    "done": true
  },
  "mcwfences:recipes/prismarine": {
    "criteria": {
      "has_qq": "2024-06-28 00:31:10 +0200"
    },
    "done": true
  },
  "mcwfences:recipes/mangrove": {
    "criteria": {
      "has_mangrove": "2024-06-28 00:31:10 +0200"
    },
    "done": true
  },
  "forbidden_arcanus:recipes/decorations/deorum_lantern": {
    "criteria": {
      "has_torch": "2024-06-28 00:31:10 +0200"
    },
    "done": true
  },
  "mcwfences:recipes/dark_oak": {
    "criteria": {
      "has_dark_oak": "2024-06-28 00:31:10 +0200"
    },
    "done": true
  },
  "create:root": {
    "criteria": {
      "0": "2024-06-28 00:31:10 +0200"
    },
    "done": true
  },
  "mcwbridges:recipes/bridge_torch": {
    "criteria": {
      "has_planks": "2024-06-28 00:31:10 +0200"
    },
    "done": true
  },
  "mcwfences:recipes/sandstone": {
    "criteria": {
      "has_sand": "2024-06-28 00:31:10 +0200"
    },
    "done": true
  },
  "mcwfences:recipes/acacia": {
    "criteria": {
      "has_acacia": "2024-06-28 00:31:10 +0200"
    },
    "done": true
  },
  "mcwfences:recipes/oak": {
    "criteria": {
      "has_oak": "2024-06-28 00:31:10 +0200"
    },
    "done": true
  },
  "translocators:recipes/misc/diamond_nugget": {
    "criteria": {
      "has_diamond": "2024-06-28 00:31:10 +0200"
    },
    "done": true
  },
  "ae2wtlib:recipes/magnet_card": {
    "criteria": {
      "has_wct": "2024-06-28 00:31:10 +0200"
    },
    "done": true
  },
  "mcwfences:recipes/quartz": {
    "criteria": {
      "has_qq": "2024-06-28 00:31:10 +0200"
    },
    "done": true
  },
  "mcwfences:recipes/nether": {
    "criteria": {
      "has_nether_brick": "2024-06-28 00:31:10 +0200"
    },
    "done": true
  },
  "ae2wtlib:recipes/wireless_universal_terminal/ce": {
    "criteria": {
      "has_wpt": "2024-06-28 00:31:10 +0200",
      "has_wct": "2024-06-28 00:31:11 +0200"
    },
    "done": true
  },
  "ae2wtlib:recipes/wireless_universal_terminal/ca": {
    "criteria": {
      "has_wit": "2024-06-28 00:31:10 +0200",
      "has_wct": "2024-06-28 00:31:11 +0200"
    },
    "done": true
  },
  "ae2wtlib:recipes/wireless_universal_terminal/ae": {
    "criteria": {
      "has_wit": "2024-06-28 00:31:11 +0200",
      "has_wpt": "2024-06-28 00:31:10 +0200"
    },
    "done": true
  },
  "ae2wtlib:recipes/quantum_bridge_card": {
    "criteria": {
      "has_wit": "2024-06-28 00:31:10 +0200",
      "has_wpt": "2024-06-28 00:31:10 +0200",
      "has_wct": "2024-06-28 00:31:11 +0200"
    },
    "done": true
  },
  "mcwfences:recipes/end": {
    "criteria": {
      "has_end_brick": "2024-06-28 00:31:10 +0200"
    },
    "done": true
  },
  "translocators:recipes/redstone/fluid_translocator": {
    "criteria": {
      "has_piston": "2024-06-28 00:31:10 +0200"
    },
    "done": true
  },
  "mcwfences:recipes/mud_brick": {
    "criteria": {
      "has_qq": "2024-06-28 00:31:10 +0200"
    },
    "done": true
  },
  "supplementaries:recipes/sconce": {
    "criteria": {
      "has_torch": "2024-06-28 00:31:10 +0200"
    },
    "done": true
  },
  "minecraft:recipes/decorations/crafting_table": {
    "criteria": {
      "unlock_right_away": "2024-06-28 00:31:11 +0200"
    },
    "done": true
  },
  "mcwfences:recipes/jungle": {
    "criteria": {
      "has_jungle": "2024-06-28 00:31:11 +0200"
    },
    "done": true
  },
  "mcwfences:recipes/hedge": {
    "criteria": {
      "has_birch": "2024-06-28 00:31:11 +0200"
    },
    "done": true
  },
  "ae2wtlib:recipes/wireless_universal_terminal/upgrade_pattern_encoding": {
    "criteria": {
      "has_wpt": "2024-06-28 00:31:11 +0200"
    },
    "done": true
  },
  "tombstone:adventure/root": {
    "criteria": {
      "auto": "2024-06-28 00:31:11 +0200"
    },
    "done": true
  },
  "alchemistry:recipes/dissolver/crafting_table": {
    "criteria": {
      "has_the_recipe": "2024-06-28 00:31:11 +0200"
    },
    "done": true
  },
  "mcwfences:recipes/deepslate": {
    "criteria": {
      "has_deepslate": "2024-06-28 00:31:11 +0200"
    },
    "done": true
  },
  "translocators:recipes/redstone/item_translocator": {
    "criteria": {
      "has_piston": "2024-06-28 00:31:11 +0200"
    },
    "done": true
  },
  "farmersdelight:main/root": {
    "criteria": {
      "seeds": "2024-06-28 00:31:11 +0200"
    },
    "done": true
  },
  "minecraft:adventure/adventuring_time": {
    "criteria": {
      "minecraft:plains": "2024-06-28 00:31:11 +0200"
    },
    "done": false
  },
  "mcwfences:recipes/crimson": {
    "criteria": {
      "has_crimson": "2024-06-28 00:31:11 +0200"
    },
    "done": true
  },
  "ae2wtlib:recipes/wireless_universal_terminal/upgrade_pattern_access": {
    "criteria": {
      "has_wit": "2024-06-28 00:31:11 +0200"
    },
    "done": true
  },
  "ae2wtlib:recipes/wireless_pattern_access_terminal": {
    "criteria": {
      "has_wt": "2024-06-28 00:31:11 +0200"
    },
    "done": true
  },
  "translocators:recipes/misc/diamond": {
    "criteria": {
      "has_diamond_nugget": "2024-06-28 00:31:11 +0200"
    },
    "done": true
  },
  "mcwfences:recipes/bamboo": {
    "criteria": {
      "has_bamboo": "2024-06-28 00:31:11 +0200"
    },
    "done": true
  },
  "mcwfences:recipes/spruce": {
    "criteria": {
      "has_spruce": "2024-06-28 00:31:11 +0200"
    },
    "done": true
  },
  "lootr:root": {
    "criteria": {
      "always_true": "2024-06-28 00:31:11 +0200"
    },
    "done": true
  },
  "mcwfences:recipes/blackstone": {
    "criteria": {
      "has_blackstone": "2024-06-28 00:31:11 +0200"
    },
    "done": true
  },
  "energymeter:recipes/energymeter/meter": {
    "criteria": {
      "has_item": "2024-06-28 00:31:11 +0200"
    },
    "done": true
  },
  "occultism:occultism/root": {
    "criteria": {
      "occultism_present": "2024-06-28 00:31:11 +0200"
    },
    "done": true
  },
  "utilitarian:recipes/misc/snad/drit": {
    "criteria": {
      "has_dirt": "2024-06-28 00:31:17 +0200"
    },
    "done": true
  },
  "supplementaries:recipes/flower_box": {
    "criteria": {
      "has_dirt": "2024-06-28 00:31:17 +0200"
    },
    "done": true
  },
  "allthecompressed:recipes/building_blocks/compress/dirt_1x": {
    "criteria": {
      "has_dirt": "2024-06-28 00:31:17 +0200"
    },
    "done": true
  },
  "croptopia:recipes/misc/roasted_sunflower_seeds": {
    "criteria": {
      "has_sunflower": "2024-06-28 00:34:07 +0200"
    },
    "done": true
  },
  "minecraft:recipes/misc/yellow_dye_from_sunflower": {
    "criteria": {
      "has_sunflower": "2024-06-28 00:34:07 +0200"
    },
    "done": true
  },
  "minecraft:recipes/misc/red_dye_from_rose_bush": {
    "criteria": {
      "has_rose_bush": "2024-06-28 00:34:09 +0200"
    },
    "done": true
  },
  "minecraft:recipes/decorations/chest": {
    "criteria": {
      "has_lots_of_items": "2024-06-28 00:35:20 +0200"
    },
    "done": true
  },
  "botania:recipes/redstone/red_string_fertilizer": {
    "criteria": {
      "has_base_block": "2024-06-28 00:35:20 +0200"
    },
    "done": true
  },
  "botania:main/lexicon_use": {
    "criteria": {
      "use_lexicon": "2024-06-28 00:37:20 +0200"
    },
    "done": true
  },
  "supplementaries:recipes/flags/flag_magenta": {
    "criteria": {
      "has_stick": "2024-06-28 00:38:16 +0200"
    },
    "done": true
  },
  "farmersdelight:recipes/cooking/apple_cider": {
    "criteria": {
      "has_apple": "2024-06-28 00:38:16 +0200"
    },
    "done": true
  },
  "utilitix:recipes/misc/directional_highspeed_rail": {
    "criteria": {
      "criterion1": "2024-06-28 00:38:16 +0200"
    },
    "done": true
  },
  "utilitix:recipes/misc/armed_stand": {
    "criteria": {
      "criterion1": "2024-06-28 00:38:16 +0200"
    },
    "done": true
  },
  "minecraft:recipes/combat/wooden_sword": {
    "criteria": {
      "has_stick": "2024-06-28 00:38:16 +0200"
    },
    "done": true
  },
  "supplementaries:recipes/flags/flag_green": {
    "criteria": {
      "has_stick": "2024-06-28 00:38:16 +0200"
    },
    "done": true
  },
  "supplementaries:recipes/flags/flag_white": {
    "criteria": {
      "has_stick": "2024-06-28 00:38:16 +0200"
    },
    "done": true
  },
  "supplementaries:recipes/timber_cross_brace": {
    "criteria": {
      "forge:rods/wooden": "2024-06-28 00:38:16 +0200"
    },
    "done": true
  },
  "utilitix:recipes/misc/directional_rail": {
    "criteria": {
      "criterion1": "2024-06-28 00:38:16 +0200"
    },
    "done": true
  },
  "utilitix:recipes/misc/reinforced_rail": {
    "criteria": {
      "criterion2": "2024-06-28 00:38:16 +0200"
    },
    "done": true
  },
  "croptopia:recipes/fruit_smoothie": {
    "criteria": {
      "has_fruit": "2024-06-28 00:38:16 +0200"
    },
    "done": true
  },
  "enderio:recipes/misc/wood_gear": {
    "criteria": {
      "has_ingredient": "2024-06-28 00:38:16 +0200"
    },
    "done": true
  },
  "minecraft:recipes/tools/wooden_pickaxe": {
    "criteria": {
      "has_stick": "2024-06-28 00:38:16 +0200"
    },
    "done": true
  },
  "supplementaries:recipes/flags/flag_cyan": {
    "criteria": {
      "has_stick": "2024-06-28 00:38:16 +0200"
    },
    "done": true
  },
  "supplementaries:recipes/flags/flag_orange": {
    "criteria": {
      "has_stick": "2024-06-28 00:38:16 +0200"
    },
    "done": true
  },
  "immersiveengineering:recipes/misc/crafting/torch": {
    "criteria": {
      "has_stick": "2024-06-28 00:38:16 +0200"
    },
    "done": true
  },
  "croptopia:recipes/misc/apple_sapling": {
    "criteria": {
      "has_apple": "2024-06-28 00:38:16 +0200"
    },
    "done": true
  },
  "minecraft:recipes/tools/wooden_shovel": {
    "criteria": {
      "has_stick": "2024-06-28 00:38:16 +0200"
    },
    "done": true
  },
  "utilitix:recipes/misc/hand_bell": {
    "criteria": {
      "criterion0": "2024-06-28 00:38:16 +0200"
    },
    "done": true
  },
  "forbidden_arcanus:recipes/building_blocks/edelwood_ladder": {
    "criteria": {
      "has_rods/wooden": "2024-06-28 00:38:16 +0200"
    },
    "done": true
  },
  "croptopia:recipes/misc/apple_pie": {
    "criteria": {
      "has_apple": "2024-06-28 00:38:16 +0200"
    },
    "done": true
  },
  "supplementaries:recipes/flags/flag_blue": {
    "criteria": {
      "has_stick": "2024-06-28 00:38:16 +0200"
    },
    "done": true
  },
  "croptopia:recipes/documentation": {
    "criteria": {
      "has_crop": "2024-06-28 00:38:16 +0200"
    },
    "done": true
  },
  "supplementaries:recipes/flags/flag_light_gray": {
    "criteria": {
      "has_stick": "2024-06-28 00:38:16 +0200"
    },
    "done": true
  },
  "farmersdelight:recipes/decorations/cutting_board": {
    "criteria": {
      "has_stick": "2024-06-28 00:38:16 +0200"
    },
    "done": true
  },
  "supplementaries:recipes/flags/flag_lime": {
    "criteria": {
      "has_stick": "2024-06-28 00:38:16 +0200"
    },
    "done": true
  },
  "minecraft:recipes/decorations/ladder": {
    "criteria": {
      "has_stick": "2024-06-28 00:38:16 +0200"
    },
    "done": true
  },
  "croptopia:recipes/misc/apple_juice": {
    "criteria": {
      "has_apple": "2024-06-28 00:38:16 +0200"
    },
    "done": true
  },
  "minecraft:recipes/tools/wooden_axe": {
    "criteria": {
      "has_stick": "2024-06-28 00:38:16 +0200"
    },
    "done": true
  },
  "utilitix:recipes/misc/weak_redstone_torch": {
    "criteria": {
      "criterion1": "2024-06-28 00:38:16 +0200"
    },
    "done": true
  },
  "supplementaries:recipes/daub_cross_brace": {
    "criteria": {
      "forge:rods/wooden": "2024-06-28 00:38:16 +0200"
    },
    "done": true
  },
  "minecraft:recipes/decorations/campfire": {
    "criteria": {
      "has_stick": "2024-06-28 00:38:16 +0200"
    },
    "done": true
  },
  "utilitarian:recipes/misc/no_soliciting/no_soliciting_banner": {
    "criteria": {
      "has_stick": "2024-06-28 00:38:16 +0200"
    },
    "done": true
  },
  "supplementaries:recipes/timber_brace": {
    "criteria": {
      "forge:rods/wooden": "2024-06-28 00:38:16 +0200"
    },
    "done": true
  },
  "exdeorum:recipes/tools/crook": {
    "criteria": {
      "has_item": "2024-06-28 00:38:16 +0200"
    },
    "done": true
  },
  "supplementaries:recipes/flags/flag_black": {
    "criteria": {
      "has_stick": "2024-06-28 00:38:16 +0200"
    },
    "done": true
  },
  "supplementaries:recipes/flags/flag_purple": {
    "criteria": {
      "has_stick": "2024-06-28 00:38:16 +0200"
    },
    "done": true
  },
  "supplementaries:recipes/flags/flag_gray": {
    "criteria": {
      "has_stick": "2024-06-28 00:38:16 +0200"
    },
    "done": true
  },
  "supplementaries:recipes/faucet": {
    "criteria": {
      "forge:rods/wooden": "2024-06-28 00:38:16 +0200"
    },
    "done": true
  },
  "utilitix:recipes/misc/highspeed_rail": {
    "criteria": {
      "criterion1": "2024-06-28 00:38:16 +0200"
    },
    "done": true
  },
  "supplementaries:recipes/flags/flag_light_blue": {
    "criteria": {
      "has_stick": "2024-06-28 00:38:16 +0200"
    },
    "done": true
  },
  "supplementaries:recipes/daub_brace": {
    "criteria": {
      "forge:rods/wooden": "2024-06-28 00:38:16 +0200"
    },
    "done": true
  },
  "supplementaries:recipes/flags/flag_red": {
    "criteria": {
      "has_stick": "2024-06-28 00:38:16 +0200"
    },
    "done": true
  },
  "supplementaries:recipes/crank": {
    "criteria": {
      "forge:rods/wooden": "2024-06-28 00:38:16 +0200"
    },
    "done": true
  },
  "supplementaries:recipes/flags/flag_pink": {
    "criteria": {
      "has_stick": "2024-06-28 00:38:16 +0200"
    },
    "done": true
  },
  "supplementaries:recipes/timber_frame": {
    "criteria": {
      "forge:rods/wooden": "2024-06-28 00:38:16 +0200"
    },
    "done": true
  },
  "minecraft:recipes/tools/wooden_hoe": {
    "criteria": {
      "has_stick": "2024-06-28 00:38:16 +0200"
    },
    "done": true
  },
  "enderio:recipes/misc/wood_gear_corner": {
    "criteria": {
      "has_ingredient": "2024-06-28 00:38:16 +0200"
    },
    "done": true
  },
  "supplementaries:recipes/slingshot": {
    "criteria": {
      "forge:rods/wooden": "2024-06-28 00:38:16 +0200"
    },
    "done": true
  },
  "ae2:recipes/misc/network/blocks/crank": {
    "criteria": {
      "has_stick": "2024-06-28 00:38:16 +0200"
    },
    "done": true
  },
  "silentgear:recipes/misc/rough_rod": {
    "criteria": {
      "has_item": "2024-06-28 00:38:16 +0200"
    },
    "done": true
  },
  "supplementaries:recipes/flags/flag_brown": {
    "criteria": {
      "has_stick": "2024-06-28 00:38:16 +0200"
    },
    "done": true
  },
  "farmersdelight:recipes/combat/flint_knife": {
    "criteria": {
      "has_stick": "2024-06-28 00:38:16 +0200"
    },
    "done": true
  },
  "supplementaries:recipes/daub_frame": {
    "criteria": {
      "forge:rods/wooden": "2024-06-28 00:38:16 +0200"
    },
    "done": true
  },
  "supplementaries:recipes/flags/flag_yellow": {
    "criteria": {
      "has_stick": "2024-06-28 00:38:16 +0200"
    },
    "done": true
  },
  "croptopia:recipes/fruit_salad": {
    "criteria": {
      "has_apple": "2024-06-28 00:38:16 +0200"
    },
    "done": true
  },
  "mcwwindows:recipes/dark_prismarine": {
    "criteria": {
      "has_the_recipe": "2024-06-28 00:38:28 +0200"
    },
    "done": true
  },
  "mcwtrpdoors:recipes/oak/oak_beach_trapdoor": {
    "criteria": {
      "has_logs": "2024-06-28 00:38:28 +0200"
    },
    "done": true
  },
  "mcwwindows:recipes/spruce": {
    "criteria": {
      "has_the_recipe": "2024-06-28 00:38:28 +0200"
    },
    "done": true
  },
  "mcwtrpdoors:recipes/oak/oak_barred_trapdoor": {
    "criteria": {
      "has_logs": "2024-06-28 00:38:28 +0200"
    },
    "done": true
  },
  "mcwwindows:recipes/mangrove": {
    "criteria": {
      "has_the_recipe": "2024-06-28 00:38:28 +0200"
    },
    "done": true
  },
  "mcwtrpdoors:recipes/acacia/oak_bark_trapdoor": {
    "criteria": {
      "has_logs": "2024-06-28 00:38:28 +0200"
    },
    "done": true
  },
  "mcwtrpdoors:recipes/oak/oak_barrel_trapdoor": {
    "criteria": {
      "has_logs": "2024-06-28 00:38:28 +0200"
    },
    "done": true
  },
  "utilitarian:recipes/misc/utility/oak_logs_to_trapdoors": {
    "criteria": {
      "has_log": "2024-06-28 00:38:28 +0200"
    },
    "done": true
  },
  "utilitarian:recipes/misc/utility/oak_logs_to_slabs": {
    "criteria": {
      "has_log": "2024-06-28 00:38:28 +0200"
    },
    "done": true
  },
  "mcwwindows:recipes/prismarine": {
    "criteria": {
      "has_the_recipe": "2024-06-28 00:38:28 +0200"
    },
    "done": true
  },
  "mcwwindows:recipes/dark_oak": {
    "criteria": {
      "has_the_recipe": "2024-06-28 00:38:28 +0200"
    },
    "done": true
  },
  "mcwwindows:recipes/components": {
    "criteria": {
      "has_wood": "2024-06-28 00:38:28 +0200"
    },
    "done": true
  },
  "mcwtrpdoors:recipes/oak/oak_glass_trapdoor": {
    "criteria": {
      "has_logs": "2024-06-28 00:38:28 +0200"
    },
    "done": true
  },
  "mcwwindows:recipes/cherry": {
    "criteria": {
      "has_the_recipe": "2024-06-28 00:38:28 +0200"
    },
    "done": true
  },
  "utilitarian:recipes/misc/utility/logs_to_bowls": {
    "criteria": {
      "has_log": "2024-06-28 00:38:28 +0200"
    },
    "done": true
  },
  "minecraft:recipes/misc/charcoal": {
    "criteria": {
      "has_log": "2024-06-28 00:38:28 +0200"
    },
    "done": true
  },
  "utilitarian:recipes/misc/utility/oak_logs_to_pressure_plates": {
    "criteria": {
      "has_log": "2024-06-28 00:38:28 +0200"
    },
    "done": true
  },
  "mcwtrpdoors:recipes/oak/oak_cottage_trapdoor": {
    "criteria": {
      "has_logs": "2024-06-28 00:38:28 +0200"
    },
    "done": true
  },
  "utilitarian:recipes/misc/utility/oak_logs_to_doors": {
    "criteria": {
      "has_log": "2024-06-28 00:38:28 +0200"
    },
    "done": true
  },
  "mcwtrpdoors:recipes/oak/oak_barn_trapdoor": {
    "criteria": {
      "has_logs": "2024-06-28 00:38:28 +0200"
    },
    "done": true
  },
  "mcwwindows:recipes/jungle": {
    "criteria": {
      "has_the_recipe": "2024-06-28 00:38:28 +0200"
    },
    "done": true
  },
  "mcwtrpdoors:recipes/oak/oak_tropical_trapdoor": {
    "criteria": {
      "has_logs": "2024-06-28 00:38:28 +0200"
    },
    "done": true
  },
  "enderio:recipes/misc/stick": {
    "criteria": {
      "has_ingredient": "2024-06-28 00:38:28 +0200"
    },
    "done": true
  },
  "mcwwindows:recipes/andesite": {
    "criteria": {
      "has_the_recipe": "2024-06-28 00:38:28 +0200"
    },
    "done": true
  },
  "mcwbridges:recipes/oak_bridge_pier": {
    "criteria": {
      "has_planks": "2024-06-28 00:38:28 +0200"
    },
    "done": true
  },
  "mcwdoors:recipes/oak": {
    "criteria": {
      "has_wood": "2024-06-28 00:38:28 +0200"
    },
    "done": true
  },
  "mcwwindows:recipes/diorite": {
    "criteria": {
      "has_the_recipe": "2024-06-28 00:38:28 +0200"
    },
    "done": true
  },
  "mcwtrpdoors:recipes/oak/oak_mystic_trapdoor": {
    "criteria": {
      "has_logs": "2024-06-28 00:38:28 +0200"
    },
    "done": true
  },
  "utilitarian:recipes/misc/utility/oak_logs_to_stairs": {
    "criteria": {
      "has_log": "2024-06-28 00:38:28 +0200"
    },
    "done": true
  },
  "naturescompass:natures_compass_sapling": {
    "criteria": {
      "has_recipe": "2024-06-28 00:38:28 +0200"
    },
    "done": true
  },
  "minecraft:recipes/building_blocks/oak_planks": {
    "criteria": {
      "has_logs": "2024-06-28 00:38:28 +0200"
    },
    "done": true
  },
  "utilitarian:recipes/misc/utility/oak_logs_to_boats": {
    "criteria": {
      "has_log": "2024-06-28 00:38:28 +0200"
    },
    "done": true
  },
  "mcwwindows:recipes/oak": {
    "criteria": {
      "has_wood": "2024-06-28 00:38:28 +0200",
      "has_the_recipe": "2024-06-28 00:38:28 +0200"
    },
    "done": true
  },
  "mcwtrpdoors:recipes/oak/oak_four_panel_trapdoor": {
    "criteria": {
      "has_logs": "2024-06-28 00:38:28 +0200"
    },
    "done": true
  },
  "mcwwindows:recipes/granite": {
    "criteria": {
      "has_the_recipe": "2024-06-28 00:38:28 +0200"
    },
    "done": true
  },
  "exdeorum:recipes/misc/oak_compressed_sieve": {
    "criteria": {
      "has_item": "2024-06-28 00:38:28 +0200"
    },
    "done": true
  },
  "mcwwindows:recipes/warped": {
    "criteria": {
      "has_the_recipe": "2024-06-28 00:38:28 +0200"
    },
    "done": true
  },
  "mcwtrpdoors:recipes/oak/oak_swamp_trapdoor": {
    "criteria": {
      "has_logs": "2024-06-28 00:38:28 +0200"
    },
    "done": true
  },
  "mcwtrpdoors:recipes/oak/oak_paper_trapdoor": {
    "criteria": {
      "has_logs": "2024-06-28 00:38:28 +0200"
    },
    "done": true
  },
  "naturescompass:natures_compass": {
    "criteria": {
      "has_recipe": "2024-06-28 00:38:28 +0200"
    },
    "done": true
  },
  "mcwwindows:recipes/birch": {
    "criteria": {
      "has_the_recipe": "2024-06-28 00:38:28 +0200"
    },
    "done": true
  },
  "naturescompass:natures_compass_log": {
    "criteria": {
      "has_log": "2024-06-28 00:38:28 +0200"
    },
    "done": true
  },
  "allthecompressed:recipes/building_blocks/compress/oak_log_1x": {
    "criteria": {
      "has_oak_log": "2024-06-28 00:38:28 +0200"
    },
    "done": true
  },
  "mcwfurnitures:recipes/oak": {
    "criteria": {
      "has_wood": "2024-06-28 00:38:28 +0200"
    },
    "done": true
  },
  "mcwwindows:recipes/stone": {
    "criteria": {
      "has_the_recipe": "2024-06-28 00:38:28 +0200"
    },
    "done": true
  },
  "mcwwindows:recipes/crimson": {
    "criteria": {
      "has_the_recipe": "2024-06-28 00:38:28 +0200"
    },
    "done": true
  },
  "minecraft:recipes/building_blocks/oak_wood": {
    "criteria": {
      "has_log": "2024-06-28 00:38:28 +0200"
    },
    "done": true
  },
  "mcwwindows:recipes/blackstone": {
    "criteria": {
      "has_the_recipe": "2024-06-28 00:38:28 +0200"
    },
    "done": true
  },
  "utilitarian:recipes/food/utility/charcoal_from_campfire": {
    "criteria": {
      "has_logs": "2024-06-28 00:38:28 +0200"
    },
    "done": true
  },
  "mcwtrpdoors:recipes/print_classic": {
    "criteria": {
      "has_logs": "2024-06-28 00:38:28 +0200"
    },
    "done": true
  },
  "alchemistry:recipes/dissolver/charcoal": {
    "criteria": {
      "has_the_recipe": "2024-06-28 00:38:28 +0200"
    },
    "done": true
  },
  "mcwroofs:recipes/oak": {
    "criteria": {
      "has_planks": "2024-06-28 00:38:28 +0200"
    },
    "done": true
  },
  "mcwtrpdoors:recipes/oak/oak_ranch_trapdoor": {
    "criteria": {
      "has_logs": "2024-06-28 00:38:28 +0200"
    },
    "done": true
  },
  "mcwwindows:recipes/acacia": {
    "criteria": {
      "has_the_recipe": "2024-06-28 00:38:28 +0200"
    },
    "done": true
  },
  "mcwwindows:recipes/parapets": {
    "criteria": {
      "has_wood": "2024-06-28 00:38:41 +0200",
      "has_the_recipe": "2024-06-28 00:38:40 +0200"
    },
    "done": true
  },
  "supplementaries:recipes/turn_table": {
    "criteria": {
      "minecraft:planks": "2024-06-28 00:38:40 +0200"
    },
    "done": true
  },
  "xycraft_override:recipes/building_blocks/shaped/chiseled_deepslate_dark_r": {
    "criteria": {
      "has_TagKey[minecraft:item / minecraft:planks]": "2024-06-28 00:38:40 +0200"
    },
    "done": true
  },
  "mcwwindows:recipes/shutters": {
    "criteria": {
      "has_wood": "2024-06-28 00:38:40 +0200"
    },
    "done": true
  },
  "xycraft_override:recipes/building_blocks/shaped/chiseled_wood_pillar_green": {
    "criteria": {
      "has_TagKey[minecraft:item / minecraft:planks]": "2024-06-28 00:38:40 +0200"
    },
    "done": true
  },
  "exdeorum:recipes/tools/wooden_hammer": {
    "criteria": {
      "has_item": "2024-06-28 00:38:40 +0200"
    },
    "done": true
  },
  "xycraft_override:recipes/building_blocks/shaped/chiseled_wood_pillar_red_r": {
    "criteria": {
      "has_TagKey[minecraft:item / minecraft:planks]": "2024-06-28 00:38:40 +0200"
    },
    "done": true
  },
  "minecraft:recipes/decorations/oak_fence": {
    "criteria": {
      "has_planks": "2024-06-28 00:38:40 +0200"
    },
    "done": true
  },
  "minecraft:recipes/misc/stick": {
    "criteria": {
      "has_planks": "2024-06-28 00:38:40 +0200"
    },
    "done": true
  },
  "xycraft_override:recipes/building_blocks/shaped/chiseled_deepslate_red": {
    "criteria": {
      "has_TagKey[minecraft:item / minecraft:planks]": "2024-06-28 00:38:40 +0200"
    },
    "done": true
  },
  "xycraft_override:recipes/building_blocks/shaped/chiseled_wood_pillar_blue": {
    "criteria": {
      "has_TagKey[minecraft:item / minecraft:planks]": "2024-06-28 00:38:40 +0200"
    },
    "done": true
  },
  "sophisticatedstorage:recipes/misc/oak_limited_barrel_4": {
    "criteria": {
      "has_oak_plank": "2024-06-28 00:38:40 +0200"
    },
    "done": true
  },
  "supplementaries:recipes/bed_from_feather_block": {
    "criteria": {
      "minecraft:planks": "2024-06-28 00:38:40 +0200"
    },
    "done": true
  },
  "minecraft:recipes/redstone/oak_pressure_plate": {
    "criteria": {
      "has_planks": "2024-06-28 00:38:40 +0200"
    },
    "done": true
  },
  "supplementaries:recipes/lock_block": {
    "criteria": {
      "minecraft:planks": "2024-06-28 00:38:40 +0200"
    },
    "done": true
  },
  "mcwwindows:recipes/blinds": {
    "criteria": {
      "has_wood": "2024-06-28 00:38:40 +0200"
    },
    "done": true
  },
  "exdeorum:recipes/misc/oak_sieve": {
    "criteria": {
      "has_item": "2024-06-28 00:38:40 +0200"
    },
    "done": true
  },
  "alchemistry:recipes/dissolver/stick": {
    "criteria": {
      "has_the_recipe": "2024-06-28 00:38:40 +0200"
    },
    "done": true
  },
  "minecraft:recipes/decorations/barrel": {
    "criteria": {
      "has_planks": "2024-06-28 00:38:40 +0200"
    },
    "done": true
  },
  "sophisticatedstorage:recipes/misc/oak_barrel": {
    "criteria": {
      "has_oak_plank": "2024-06-28 00:38:40 +0200"
    },
    "done": true
  },
  "create:recipes/building_blocks/oak_window": {
    "criteria": {
      "has_ingredient": "2024-06-28 00:38:40 +0200"
    },
    "done": true
  },
  "xycraft_override:recipes/building_blocks/shaped/chiseled_wood_pillar_light": {
    "criteria": {
      "has_TagKey[minecraft:item / minecraft:planks]": "2024-06-28 00:38:41 +0200"
    },
    "done": true
  },
  "xycraft_override:recipes/building_blocks/shaped/chiseled_deepslate_blue_r": {
    "criteria": {
      "has_TagKey[minecraft:item / minecraft:planks]": "2024-06-28 00:38:41 +0200"
    },
    "done": true
  },
  "framedblocks:recipes/building_blocks/framed_cube": {
    "criteria": {
      "hasPlanks": "2024-06-28 00:38:41 +0200"
    },
    "done": true
  },
  "minecraft:recipes/building_blocks/oak_slab": {
    "criteria": {
      "has_planks": "2024-06-28 00:38:41 +0200"
    },
    "done": true
  },
  "minecraft:recipes/redstone/oak_door": {
    "criteria": {
      "has_planks": "2024-06-28 00:38:41 +0200"
    },
    "done": true
  },
  "mcwbridges:recipes/asian_red_bridge_pier": {
    "criteria": {
      "has_planks": "2024-06-28 00:38:41 +0200"
    },
    "done": true
  },
  "mcwbridges:recipes/asian_red_bridge": {
    "criteria": {
      "has_planks": "2024-06-28 00:38:41 +0200"
    },
    "done": true
  },
  "xycraft_override:recipes/building_blocks/shaped/chiseled_deepslate_dark": {
    "criteria": {
      "has_TagKey[minecraft:item / minecraft:planks]": "2024-06-28 00:38:41 +0200"
    },
    "done": true
  },
  "supplementaries:recipes/notice_board": {
    "criteria": {
      "minecraft:planks": "2024-06-28 00:38:41 +0200"
    },
    "done": true
  },
  "xycraft_override:recipes/building_blocks/shaped/chiseled_deepslate_green_r": {
    "criteria": {
      "has_TagKey[minecraft:item / minecraft:planks]": "2024-06-28 00:38:41 +0200"
    },
    "done": true
  },
  "xycraft_override:recipes/building_blocks/shaped/chiseled_wood_pillar_dark_r": {
    "criteria": {
      "has_TagKey[minecraft:item / minecraft:planks]": "2024-06-28 00:38:41 +0200"
    },
    "done": true
  },
  "allthecompressed:recipes/building_blocks/compress/oak_planks_1x": {
    "criteria": {
      "has_oak_planks": "2024-06-28 00:38:41 +0200"
    },
    "done": true
  },
  "mcwbridges:recipes/oak_log_bridge_middle": {
    "criteria": {
      "has_planks": "2024-06-28 00:38:41 +0200"
    },
    "done": true
  },
  "supplementaries:recipes/clock_block": {
    "criteria": {
      "minecraft:planks": "2024-06-28 00:38:41 +0200"
    },
    "done": true
  },
  "silentgear:recipes/misc/upgrade_base": {
    "criteria": {
      "has_item": "2024-06-28 00:38:41 +0200"
    },
    "done": true
  },
  "oreberriesreplanted:recipes/misc/oak_vat": {
    "criteria": {
      "has_planks": "2024-06-28 00:38:41 +0200"
    },
    "done": true
  },
  "minecraft:recipes/building_blocks/oak_stairs": {
    "criteria": {
      "has_planks": "2024-06-28 00:38:41 +0200"
    },
    "done": true
  },
  "supplementaries:recipes/speaker_block": {
    "criteria": {
      "minecraft:planks": "2024-06-28 00:38:41 +0200"
    },
    "done": true
  },
  "supplementaries:recipes/pulley": {
    "criteria": {
      "minecraft:planks": "2024-06-28 00:38:41 +0200"
    },
    "done": true
  },
  "xycraft_override:recipes/building_blocks/shaped/chiseled_deepslate_light_r": {
    "criteria": {
      "has_TagKey[minecraft:item / minecraft:planks]": "2024-06-28 00:38:41 +0200"
    },
    "done": true
  },
  "xycraft_override:recipes/building_blocks/shaped/chiseled_wood_pillar_red": {
    "criteria": {
      "has_TagKey[minecraft:item / minecraft:planks]": "2024-06-28 00:38:41 +0200"
    },
    "done": true
  },
  "mcwtrpdoors:recipes/oak/oak_blossom_trapdoor": {
    "criteria": {
      "has_plankss": "2024-06-28 00:38:41 +0200"
    },
    "done": true
  },
  "xycraft_override:recipes/building_blocks/shaped/chiseled_deepslate_red_r": {
    "criteria": {
      "has_TagKey[minecraft:item / minecraft:planks]": "2024-06-28 00:38:41 +0200"
    },
    "done": true
  },
  "minecraft:recipes/redstone/oak_trapdoor": {
    "criteria": {
      "has_planks": "2024-06-28 00:38:41 +0200"
    },
    "done": true
  },
  "sophisticatedstorage:recipes/misc/oak_limited_barrel_1": {
    "criteria": {
      "has_oak_plank": "2024-06-28 00:38:41 +0200"
    },
    "done": true
  },
  "sophisticatedstorage:recipes/misc/oak_limited_barrel_2": {
    "criteria": {
      "has_oak_plank": "2024-06-28 00:38:41 +0200"
    },
    "done": true
  },
  "sophisticatedstorage:recipes/misc/oak_limited_barrel_3": {
    "criteria": {
      "has_oak_plank": "2024-06-28 00:38:41 +0200"
    },
    "done": true
  },
  "xycraft_override:recipes/building_blocks/shaped/chiseled_wood_pillar_light_r": {
    "criteria": {
      "has_TagKey[minecraft:item / minecraft:planks]": "2024-06-28 00:38:41 +0200"
    },
    "done": true
  },
  "xycraft_override:recipes/building_blocks/shaped/chiseled_deepslate_green": {
    "criteria": {
      "has_TagKey[minecraft:item / minecraft:planks]": "2024-06-28 00:38:41 +0200"
    },
    "done": true
  },
  "xycraft_override:recipes/building_blocks/shaped/chiseled_deepslate_blue": {
    "criteria": {
      "has_TagKey[minecraft:item / minecraft:planks]": "2024-06-28 00:38:41 +0200"
    },
    "done": true
  },
  "mcwbridges:recipes/rope_oak_bridge": {
    "criteria": {
      "has_planks": "2024-06-28 00:38:41 +0200"
    },
    "done": true
  },
  "mcwbridges:recipes/oak_rail_bridge": {
    "criteria": {
      "has_planks": "2024-06-28 00:38:41 +0200"
    },
    "done": true
  },
  "minecraft:recipes/decorations/oak_sign": {
    "criteria": {
      "has_planks": "2024-06-28 00:38:41 +0200"
    },
    "done": true
  },
  "xycraft_override:recipes/building_blocks/shaped/chiseled_wood_pillar_blue_r": {
    "criteria": {
      "has_TagKey[minecraft:item / minecraft:planks]": "2024-06-28 00:38:41 +0200"
    },
    "done": true
  },
  "xycraft_override:recipes/building_blocks/shaped/chiseled_wood_pillar_green_r": {
    "criteria": {
      "has_TagKey[minecraft:item / minecraft:planks]": "2024-06-28 00:38:41 +0200"
    },
    "done": true
  },
  "mcwroofs:recipes/oak_planks": {
    "criteria": {
      "has_planks": "2024-06-28 00:38:41 +0200"
    },
    "done": true
  },
  "sophisticatedstorage:recipes/misc/oak_chest": {
    "criteria": {
      "has_oak_plank": "2024-06-28 00:38:41 +0200"
    },
    "done": true
  },
  "minecraft:recipes/redstone/oak_fence_gate": {
    "criteria": {
      "has_planks": "2024-06-28 00:38:41 +0200"
    },
    "done": true
  },
  "xycraft_override:recipes/building_blocks/shaped/chiseled_wood_pillar_dark": {
    "criteria": {
      "has_TagKey[minecraft:item / minecraft:planks]": "2024-06-28 00:38:41 +0200"
    },
    "done": true
  },
  "minecraft:recipes/redstone/oak_button": {
    "criteria": {
      "has_planks": "2024-06-28 00:38:41 +0200"
    },
    "done": true
  },
  "forbidden_arcanus:recipes/tools/wooden_blacksmith_gavel": {
    "criteria": {
      "has_planks": "2024-06-28 00:38:41 +0200"
    },
    "done": true
  },
  "xycraft_override:recipes/building_blocks/shaped/chiseled_deepslate_light": {
    "criteria": {
      "has_TagKey[minecraft:item / minecraft:planks]": "2024-06-28 00:38:41 +0200"
    },
    "done": true
  },
  "occultism:recipes/spirit_fire/spirit_fire/otherworld_sapling_natural": {
    "criteria": {
      "has_oak_sapling": "2024-06-28 00:38:54 +0200"
    },
    "done": true
  },
  "botania:recipes/tools/lexicon": {
    "criteria": {
      "has_item": "2024-06-28 00:38:54 +0200"
    },
    "done": true
  },
  "botania:recipes/redstone/apothecary_default": {
    "criteria": {
      "has_item": "2024-06-28 00:42:23 +0200"
    },
    "done": true
  },
  "botania:recipes/misc/petal_lime_double": {
    "criteria": {
      "has_alt_item": "2024-06-28 00:42:23 +0200"
    },
    "done": true
  },
  "botania:recipes/misc/dye_lime": {
    "criteria": {
      "has_item": "2024-06-28 00:42:23 +0200"
    },
    "done": true
  },
  "botania:recipes/tools/dreamwood_wand": {
    "criteria": {
      "has_item": "2024-06-28 00:42:23 +0200"
    },
    "done": true
  },
  "botania:recipes/decorations/lime_petal_block": {
    "criteria": {
      "has_item": "2024-06-28 00:42:23 +0200"
    },
    "done": true
  },
  "botania:recipes/misc/conversions/lime_petal_block_deconstruct": {
    "criteria": {
      "has_item": "2024-06-28 00:42:23 +0200"
    },
    "done": true
  },
  "botania:recipes/tools/twig_wand": {
    "criteria": {
      "has_item": "2024-06-28 00:42:23 +0200"
    },
    "done": true
  },
  "botania:recipes/redstone/apothecary_deepslate": {
    "criteria": {
      "has_item": "2024-06-28 00:42:23 +0200"
    },
    "done": true
  },
  "botania:recipes/redstone/apothecary_mossy": {
    "criteria": {
      "has_item": "2024-06-28 00:42:23 +0200"
    },
    "done": true
  },
  "botania:recipes/misc/petal_lime": {
    "criteria": {
      "has_alt_item": "2024-06-28 00:42:23 +0200"
    },
    "done": true
  },
  "croptopia:root": {
    "criteria": {
      "root": "2024-06-28 00:45:18 +0200"
    },
    "done": true
  },
  "supplementaries:recipes/bamboo_spikes": {
    "criteria": {
      "minecraft:wooden_slabs": "2024-06-28 00:45:57 +0200"
    },
    "done": true
  },
  "supplementaries:recipes/blackboard": {
    "criteria": {
      "minecraft:wooden_slabs": "2024-06-28 00:45:57 +0200"
    },
    "done": true
  },
  "exdeorum:recipes/misc/oak_crucible": {
    "criteria": {
      "has_item": "2024-06-28 00:45:57 +0200"
    },
    "done": true
  },
  "exdeorum:recipes/misc/oak_barrel": {
    "criteria": {
      "has_item": "2024-06-28 00:45:57 +0200"
    },
    "done": true
  },
  "supplementaries:recipes/jar": {
    "criteria": {
      "minecraft:wooden_slabs": "2024-06-28 00:45:57 +0200"
    },
    "done": true
  },
  "minecraft:recipes/decorations/composter": {
    "criteria": {
      "has_wood_slab": "2024-06-28 00:45:57 +0200"
    },
    "done": true
  },
  "supplementaries:recipes/cage": {
    "criteria": {
      "minecraft:wooden_slabs": "2024-06-28 00:45:57 +0200"
    },
    "done": true
  },
  "supplementaries:recipes/item_shelf": {
    "criteria": {
      "minecraft:wooden_slabs": "2024-06-28 00:45:57 +0200"
    },
    "done": true
  },
  "supplementaries:recipes/bellows": {
    "criteria": {
      "minecraft:wooden_slabs": "2024-06-28 00:45:57 +0200"
    },
    "done": true
  },
  "exdeorum:recipes/misc/cobblestone": {
    "criteria": {
      "has_item": "2024-06-28 00:47:37 +0200"
    },
    "done": true
  },
  "exdeorum:recipes/misc/diorite": {
    "criteria": {
      "has_item": "2024-06-28 00:47:37 +0200"
    },
    "done": true
  },
  "exdeorum:recipes/misc/andesite": {
    "criteria": {
      "has_item": "2024-06-28 00:47:54 +0200"
    },
    "done": true
  },
  "exdeorum:recipes/misc/cobbled_deepslate": {
    "criteria": {
      "has_item": "2024-06-28 00:48:06 +0200"
    },
    "done": true
  },
  "constructionwand:recipes/tools/stone_wand": {
    "criteria": {
      "has_item": "2024-06-28 00:48:12 +0200"
    },
    "done": true
  },
  "utilitix:recipes/misc/crude_furnace": {
    "criteria": {
      "criterion1": "2024-06-28 00:48:12 +0200"
    },
    "done": true
  },
  "mcwroofs:recipes/cobblestone": {
    "criteria": {
      "has_planks": "2024-06-28 00:48:12 +0200"
    },
    "done": true
  },
  "minecraft:recipes/decorations/cobblestone_wall": {
    "criteria": {
      "has_cobblestone": "2024-06-28 00:48:12 +0200"
    },
    "done": true
  },
  "minecraft:recipes/tools/stone_axe": {
    "criteria": {
      "has_cobblestone": "2024-06-28 00:48:12 +0200"
    },
    "done": true
  },
  "forbidden_arcanus:recipes/tools/stone_blacksmith_gavel": {
    "criteria": {
      "has_stone_tool_materials": "2024-06-28 00:48:12 +0200"
    },
    "done": true
  },
  "minecraft:story/mine_stone": {
    "criteria": {
      "get_stone": "2024-06-28 00:48:12 +0200"
    },
    "done": true
  },
  "allthecompressed:recipes/building_blocks/compress/cobblestone_1x": {
    "criteria": {
      "has_cobblestone": "2024-06-28 00:48:12 +0200"
    },
    "done": true
  },
  "utilitix:recipes/misc/comparator_redirector_up": {
    "criteria": {
      "criterion1": "2024-06-28 00:48:12 +0200"
    },
    "done": true
  },
  "projecte:recipes/misc/low_covalence_dust": {
    "criteria": {
      "has_cobble": "2024-06-28 00:48:12 +0200"
    },
    "done": true
  },
  "mcwbridges:recipes/cobblestone_bridge": {
    "criteria": {
      "has_planks": "2024-06-28 00:48:12 +0200"
    },
    "done": true
  },
  "minecraft:recipes/building_blocks/cobblestone_stairs_from_cobblestone_stonecutting": {
    "criteria": {
      "has_cobblestone": "2024-06-28 00:48:12 +0200"
    },
    "done": true
  },
  "minecraft:recipes/tools/stone_hoe": {
    "criteria": {
      "has_cobblestone": "2024-06-28 00:48:12 +0200"
    },
    "done": true
  },
  "supplementaries:recipes/checker": {
    "criteria": {
      "has_cobblestone": "2024-06-28 00:48:12 +0200"
    },
    "done": true
  },
  "minecraft:recipes/building_blocks/cobblestone_slab_from_cobblestone_stonecutting": {
    "criteria": {
      "has_cobblestone": "2024-06-28 00:48:12 +0200"
    },
    "done": true
  },
  "silentgear:recipes/misc/stone_rod": {
    "criteria": {
      "has_item": "2024-06-28 00:48:12 +0200"
    },
    "done": true
  },
  "alchemistry:recipes/dissolver/stone": {
    "criteria": {
      "has_the_recipe": "2024-06-28 00:48:13 +0200"
    },
    "done": true
  },
  "enderio:recipes/misc/stone_gear": {
    "criteria": {
      "has_ingredient": "2024-06-28 00:48:13 +0200"
    },
    "done": true
  },
  "minecraft:recipes/building_blocks/cobblestone_slab": {
    "criteria": {
      "has_cobblestone": "2024-06-28 00:48:13 +0200"
    },
    "done": true
  },
  "minecraft:recipes/building_blocks/cobblestone_stairs": {
    "criteria": {
      "has_cobblestone": "2024-06-28 00:48:13 +0200"
    },
    "done": true
  },
  "minecraft:recipes/combat/stone_sword": {
    "criteria": {
      "has_cobblestone": "2024-06-28 00:48:13 +0200"
    },
    "done": true
  },
  "mcwbridges:recipes/cobblestone_bridge_pier": {
    "criteria": {
      "has_planks": "2024-06-28 00:48:13 +0200"
    },
    "done": true
  },
  "exdeorum:recipes/tools/stone_hammer": {
    "criteria": {
      "has_item": "2024-06-28 00:48:13 +0200"
    },
    "done": true
  },
  "minecraft:recipes/decorations/furnace": {
    "criteria": {
      "has_cobblestone": "2024-06-28 00:48:13 +0200"
    },
    "done": true
  },
  "minecraft:recipes/tools/stone_shovel": {
    "criteria": {
      "has_cobblestone": "2024-06-28 00:48:13 +0200"
    },
    "done": true
  },
  "alchemistry:recipes/dissolver/cobblestone_slab": {
    "criteria": {
      "has_the_recipe": "2024-06-28 00:48:13 +0200"
    },
    "done": true
  },
  "minecraft:recipes/decorations/cobblestone_wall_from_cobblestone_stonecutting": {
    "criteria": {
      "has_cobblestone": "2024-06-28 00:48:13 +0200"
    },
    "done": true
  },
  "minecraft:recipes/redstone/lever": {
    "criteria": {
      "has_cobblestone": "2024-06-28 00:48:13 +0200"
    },
    "done": true
  },
  "utilitix:recipes/misc/comparator_redirector_down": {
    "criteria": {
      "criterion1": "2024-06-28 00:48:13 +0200"
    },
    "done": true
  },
  "mcwbridges:recipes/balustrade_cobblestone_bridge": {
    "criteria": {
      "has_planks": "2024-06-28 00:48:13 +0200"
    },
    "done": true
  },
  "minecraft:recipes/building_blocks/stone": {
    "criteria": {
      "has_cobblestone": "2024-06-28 00:48:13 +0200"
    },
    "done": true
  },
  "minecraft:recipes/tools/stone_pickaxe": {
    "criteria": {
      "has_cobblestone": "2024-06-28 00:48:13 +0200"
    },
    "done": true
  },
  "mcwbridges:recipes/cobblestone_bridge_stair": {
    "criteria": {
      "has_planks": "2024-06-28 00:48:13 +0200"
    },
    "done": true
  },
  "exdeorum:recipes/misc/granite": {
    "criteria": {
      "has_item": "2024-06-28 00:48:15 +0200"
    },
    "done": true
  },
  "exdeorum:recipes/misc/basalt": {
    "criteria": {
      "has_item": "2024-06-28 00:48:15 +0200"
    },
    "done": true
  },
  "exdeorum:recipes/misc/blackstone": {
    "criteria": {
      "has_item": "2024-06-28 00:48:29 +0200"
    },
    "done": true
  },
  "minecraft:recipes/building_blocks/polished_deepslate": {
    "criteria": {
      "has_cobbled_deepslate": "2024-06-28 00:48:35 +0200"
    },
    "done": true
  },
  "alchemistry:recipes/dissolver/deepslate": {
    "criteria": {
      "has_the_recipe": "2024-06-28 00:48:35 +0200"
    },
    "done": true
  },
  "minecraft:recipes/building_blocks/polished_deepslate_from_cobbled_deepslate_stonecutting": {
    "criteria": {
      "has_cobbled_deepslate": "2024-06-28 00:48:35 +0200"
    },
    "done": true
  },
  "alchemistry:recipes/dissolver/polished_deepslate": {
    "criteria": {
      "has_the_recipe": "2024-06-28 00:48:35 +0200"
    },
    "done": true
  },
  "minecraft:recipes/decorations/cobbled_deepslate_wall": {
    "criteria": {
      "has_cobbled_deepslate": "2024-06-28 00:48:35 +0200"
    },
    "done": true
  },
  "minecraft:recipes/decorations/polished_deepslate_wall_from_cobbled_deepslate_stonecutting": {
    "criteria": {
      "has_cobbled_deepslate": "2024-06-28 00:48:35 +0200"
    },
    "done": true
  },
  "minecraft:recipes/building_blocks/cobbled_deepslate_stairs": {
    "criteria": {
      "has_cobbled_deepslate": "2024-06-28 00:48:35 +0200"
    },
    "done": true
  },
  "minecraft:recipes/building_blocks/deepslate_bricks_from_cobbled_deepslate_stonecutting": {
    "criteria": {
      "has_cobbled_deepslate": "2024-06-28 00:48:35 +0200"
    },
    "done": true
  },
  "minecraft:recipes/building_blocks/cobbled_deepslate_slab": {
    "criteria": {
      "has_cobbled_deepslate": "2024-06-28 00:48:35 +0200"
    },
    "done": true
  },
  "minecraft:recipes/building_blocks/deepslate_tile_slab_from_cobbled_deepslate_stonecutting": {
    "criteria": {
      "has_cobbled_deepslate": "2024-06-28 00:48:35 +0200"
    },
    "done": true
  },
  "alchemistry:recipes/dissolver/cobbled_deepslate_slab": {
    "criteria": {
      "has_the_recipe": "2024-06-28 00:48:35 +0200"
    },
    "done": true
  },
  "minecraft:recipes/decorations/deepslate_tile_wall_from_cobbled_deepslate_stonecutting": {
    "criteria": {
      "has_cobbled_deepslate": "2024-06-28 00:48:35 +0200"
    },
    "done": true
  },
  "minecraft:recipes/building_blocks/chiseled_deepslate_from_cobbled_deepslate_stonecutting": {
    "criteria": {
      "has_cobbled_deepslate": "2024-06-28 00:48:35 +0200"
    },
    "done": true
  },
  "minecraft:recipes/building_blocks/cobbled_deepslate_stairs_from_cobbled_deepslate_stonecutting": {
    "criteria": {
      "has_cobbled_deepslate": "2024-06-28 00:48:35 +0200"
    },
    "done": true
  },
  "minecraft:recipes/building_blocks/deepslate_tiles_from_cobbled_deepslate_stonecutting": {
    "criteria": {
      "has_cobbled_deepslate": "2024-06-28 00:48:35 +0200"
    },
    "done": true
  },
  "minecraft:recipes/building_blocks/polished_deepslate_slab_from_cobbled_deepslate_stonecutting": {
    "criteria": {
      "has_cobbled_deepslate": "2024-06-28 00:48:35 +0200"
    },
    "done": true
  },
  "minecraft:recipes/building_blocks/deepslate_tile_stairs_from_cobbled_deepslate_stonecutting": {
    "criteria": {
      "has_cobbled_deepslate": "2024-06-28 00:48:35 +0200"
    },
    "done": true
  },
  "minecraft:recipes/building_blocks/polished_deepslate_stairs_from_cobbled_deepslate_stonecutting": {
    "criteria": {
      "has_cobbled_deepslate": "2024-06-28 00:48:35 +0200"
    },
    "done": true
  },
  "minecraft:recipes/decorations/deepslate_brick_wall_from_cobbled_deepslate_stonecutting": {
    "criteria": {
      "has_cobbled_deepslate": "2024-06-28 00:48:35 +0200"
    },
    "done": true
  },
  "minecraft:recipes/building_blocks/cobbled_deepslate_slab_from_cobbled_deepslate_stonecutting": {
    "criteria": {
      "has_cobbled_deepslate": "2024-06-28 00:48:35 +0200"
    },
    "done": true
  },
  "allthecompressed:recipes/building_blocks/compress/cobbled_deepslate_1x": {
    "criteria": {
      "has_cobbled_deepslate": "2024-06-28 00:48:35 +0200"
    },
    "done": true
  },
  "minecraft:recipes/building_blocks/deepslate_brick_stairs_from_cobbled_deepslate_stonecutting": {
    "criteria": {
      "has_cobbled_deepslate": "2024-06-28 00:48:35 +0200"
    },
    "done": true
  },
  "minecraft:recipes/decorations/cobbled_deepslate_wall_from_cobbled_deepslate_stonecutting": {
    "criteria": {
      "has_cobbled_deepslate": "2024-06-28 00:48:35 +0200"
    },
    "done": true
  },
  "minecraft:recipes/building_blocks/deepslate": {
    "criteria": {
      "has_cobbled_deepslate": "2024-06-28 00:48:35 +0200"
    },
    "done": true
  },
  "minecraft:recipes/building_blocks/deepslate_brick_slab_from_cobbled_deepslate_stonecutting": {
    "criteria": {
      "has_cobbled_deepslate": "2024-06-28 00:48:35 +0200"
    },
    "done": true
  },
  "minecraft:recipes/building_blocks/polished_basalt_from_basalt_stonecutting": {
    "criteria": {
      "has_basalt": "2024-06-28 00:48:44 +0200"
    },
    "done": true
  },
  "alchemistry:recipes/dissolver/smooth_basalt": {
    "criteria": {
      "has_the_recipe": "2024-06-28 00:48:44 +0200"
    },
    "done": true
  },
  "allthecompressed:recipes/building_blocks/compress/basalt_1x": {
    "criteria": {
      "has_basalt": "2024-06-28 00:48:44 +0200"
    },
    "done": true
  },
  "minecraft:recipes/building_blocks/smooth_basalt": {
    "criteria": {
      "has_basalt": "2024-06-28 00:48:44 +0200"
    },
    "done": true
  },
  "minecraft:recipes/building_blocks/polished_basalt": {
    "criteria": {
      "has_basalt": "2024-06-28 00:48:44 +0200"
    },
    "done": true
  },
  "alchemistry:recipes/dissolver/polished_basalt": {
    "criteria": {
      "has_the_recipe": "2024-06-28 00:48:44 +0200"
    },
    "done": true
  },
  "mcwbridges:recipes/andesite_bridge_stair": {
    "criteria": {
      "has_planks": "2024-06-28 00:49:31 +0200"
    },
    "done": true
  },
  "create:recipes/building_blocks/polished_cut_andesite_stairs_from_stone_types_andesite_stonecutting": {
    "criteria": {
      "has_stone_types_andesite": "2024-06-28 00:49:31 +0200"
    },
    "done": true
  },
  "allthecompressed:recipes/building_blocks/compress/andesite_1x": {
    "criteria": {
      "has_andesite": "2024-06-28 00:49:31 +0200"
    },
    "done": true
  },
  "occultism:recipes/spirit_trade/spirit_trade/stone_to_otherstone": {
    "criteria": {
      "has_stone": "2024-06-28 00:49:31 +0200"
    },
    "done": true
  },
  "create:recipes/building_blocks/small_andesite_brick_stairs_from_stone_types_andesite_stonecutting": {
    "criteria": {
      "has_stone_types_andesite": "2024-06-28 00:49:31 +0200"
    },
    "done": true
  },
  "create:recipes/building_blocks/andesite_pillar_from_stone_types_andesite_stonecutting": {
    "criteria": {
      "has_stone_types_andesite": "2024-06-28 00:49:31 +0200"
    },
    "done": true
  },
  "alchemistry:recipes/dissolver/polished_andesite": {
    "criteria": {
      "has_the_recipe": "2024-06-28 00:49:31 +0200"
    },
    "done": true
  },
  "create:recipes/building_blocks/cut_andesite_slab_from_stone_types_andesite_stonecutting": {
    "criteria": {
      "has_stone_types_andesite": "2024-06-28 00:49:31 +0200"
    },
    "done": true
  },
  "mcwbridges:recipes/balustrade_andesite_bridge": {
    "criteria": {
      "has_planks": "2024-06-28 00:49:31 +0200"
    },
    "done": true
  },
  "create:recipes/building_blocks/small_andesite_bricks_from_stone_types_andesite_stonecutting": {
    "criteria": {
      "has_stone_types_andesite": "2024-06-28 00:49:31 +0200"
    },
    "done": true
  },
  "minecraft:recipes/building_blocks/polished_andesite_from_andesite_stonecutting": {
    "criteria": {
      "has_andesite": "2024-06-28 00:49:31 +0200"
    },
    "done": true
  },
  "create:recipes/building_blocks/cut_andesite_wall_from_stone_types_andesite_stonecutting": {
    "criteria": {
      "has_stone_types_andesite": "2024-06-28 00:49:31 +0200"
    },
    "done": true
  },
  "minecraft:recipes/decorations/andesite_wall_from_andesite_stonecutting": {
    "criteria": {
      "has_andesite": "2024-06-28 00:49:31 +0200"
    },
    "done": true
  },
  "create:recipes/building_blocks/andesite_from_stone_types_andesite_stonecutting": {
    "criteria": {
      "has_stone_types_andesite": "2024-06-28 00:49:31 +0200"
    },
    "done": true
  },
  "minecraft:recipes/building_blocks/polished_andesite_slab_from_andesite_stonecutting": {
    "criteria": {
      "has_andesite": "2024-06-28 00:49:31 +0200"
    },
    "done": true
  },
  "minecraft:recipes/building_blocks/andesite_stairs_from_andesite_stonecutting": {
    "criteria": {
      "has_andesite": "2024-06-28 00:49:31 +0200"
    },
    "done": true
  },
  "create:recipes/building_blocks/cut_andesite_stairs_from_stone_types_andesite_stonecutting": {
    "criteria": {
      "has_stone_types_andesite": "2024-06-28 00:49:31 +0200"
    },
    "done": true
  },
  "minecraft:recipes/building_blocks/andesite_slab": {
    "criteria": {
      "has_andesite": "2024-06-28 00:49:31 +0200"
    },
    "done": true
  },
  "mcwbridges:recipes/andesite_bridge_pier": {
    "criteria": {
      "has_planks": "2024-06-28 00:49:31 +0200"
    },
    "done": true
  },
  "mcwbridges:recipes/andesite_bridge": {
    "criteria": {
      "has_planks": "2024-06-28 00:49:31 +0200"
    },
    "done": true
  },
  "create:recipes/building_blocks/polished_cut_andesite_from_stone_types_andesite_stonecutting": {
    "criteria": {
      "has_stone_types_andesite": "2024-06-28 00:49:31 +0200"
    },
    "done": true
  },
  "minecraft:recipes/building_blocks/polished_andesite_stairs_from_andesite_stonecutting": {
    "criteria": {
      "has_andesite": "2024-06-28 00:49:31 +0200"
    },
    "done": true
  },
  "create:recipes/building_blocks/layered_andesite_from_stone_types_andesite_stonecutting": {
    "criteria": {
      "has_stone_types_andesite": "2024-06-28 00:49:31 +0200"
    },
    "done": true
  },
  "minecraft:recipes/building_blocks/andesite_slab_from_andesite_stonecutting": {
    "criteria": {
      "has_andesite": "2024-06-28 00:49:31 +0200"
    },
    "done": true
  },
  "create:recipes/building_blocks/cut_andesite_brick_wall_from_stone_types_andesite_stonecutting": {
    "criteria": {
      "has_stone_types_andesite": "2024-06-28 00:49:31 +0200"
    },
    "done": true
  },
  "occultism:recipes/spirit_trade/spirit_trade/test": {
    "criteria": {
      "has_stone": "2024-06-28 00:49:31 +0200"
    },
    "done": true
  },
  "utilitix:recipes/misc/linked_repeater": {
    "criteria": {
      "criterion2": "2024-06-28 00:49:31 +0200"
    },
    "done": true
  },
  "create:recipes/building_blocks/polished_cut_andesite_wall_from_stone_types_andesite_stonecutting": {
    "criteria": {
      "has_stone_types_andesite": "2024-06-28 00:49:31 +0200"
    },
    "done": true
  },
  "create:recipes/building_blocks/cut_andesite_brick_stairs_from_stone_types_andesite_stonecutting": {
    "criteria": {
      "has_stone_types_andesite": "2024-06-28 00:49:31 +0200"
    },
    "done": true
  },
  "create:recipes/building_blocks/small_andesite_brick_slab_from_stone_types_andesite_stonecutting": {
    "criteria": {
      "has_stone_types_andesite": "2024-06-28 00:49:31 +0200"
    },
    "done": true
  },
  "minecraft:recipes/building_blocks/andesite_stairs": {
    "criteria": {
      "has_andesite": "2024-06-28 00:49:31 +0200"
    },
    "done": true
  },
  "mcwroofs:recipes/andesite": {
    "criteria": {
      "has_planks": "2024-06-28 00:49:31 +0200"
    },
    "done": true
  },
  "create:recipes/building_blocks/cut_andesite_bricks_from_stone_types_andesite_stonecutting": {
    "criteria": {
      "has_stone_types_andesite": "2024-06-28 00:49:31 +0200"
    },
    "done": true
  },
  "occultism:recipes/spirit_fire/spirit_fire/otherstone": {
    "criteria": {
      "has_andesite": "2024-06-28 00:49:31 +0200"
    },
    "done": true
  },
  "create:recipes/building_blocks/small_andesite_brick_wall_from_stone_types_andesite_stonecutting": {
    "criteria": {
      "has_stone_types_andesite": "2024-06-28 00:49:31 +0200"
    },
    "done": true
  },
  "create:recipes/building_blocks/cut_andesite_brick_slab_from_stone_types_andesite_stonecutting": {
    "criteria": {
      "has_stone_types_andesite": "2024-06-28 00:49:31 +0200"
    },
    "done": true
  },
  "create:recipes/building_blocks/cut_andesite_from_stone_types_andesite_stonecutting": {
    "criteria": {
      "has_stone_types_andesite": "2024-06-28 00:49:31 +0200"
    },
    "done": true
  },
  "create:recipes/building_blocks/polished_cut_andesite_slab_from_stone_types_andesite_stonecutting": {
    "criteria": {
      "has_stone_types_andesite": "2024-06-28 00:49:31 +0200"
    },
    "done": true
  },
  "minecraft:recipes/building_blocks/polished_andesite": {
    "criteria": {
      "has_andesite": "2024-06-28 00:49:31 +0200"
    },
    "done": true
  },
  "minecraft:recipes/decorations/andesite_wall": {
    "criteria": {
      "has_andesite": "2024-06-28 00:49:31 +0200"
    },
    "done": true
  },
  "exdeorum:core/crook": {
    "criteria": {
      "craft_crook": "2024-06-28 00:51:49 +0200"
    },
    "done": true
  },
  "exdeorum:recipes/misc/cooked_silk_worm": {
    "criteria": {
      "has_item": "2024-06-28 00:52:02 +0200"
    },
    "done": true
  },
  "exdeorum:core/silk_worm": {
    "criteria": {
      "has_silk_worm": "2024-06-28 00:52:02 +0200"
    },
    "done": true
  },
  "exdeorum:recipes/misc/cooked_silk_worm_from_campfire_cooking": {
    "criteria": {
      "has_item": "2024-06-28 00:52:02 +0200"
    },
    "done": true
  },
  "exdeorum:recipes/misc/cooked_silk_worm_from_smoking": {
    "criteria": {
      "has_item": "2024-06-28 00:52:02 +0200"
    },
    "done": true
  },
  "minecraft:husbandry/balanced_diet": {
    "criteria": {
      "apple": "2024-06-28 00:53:37 +0200"
    },
    "done": false
  },
  "minecraft:husbandry/root": {
    "criteria": {
      "consumed_item": "2024-06-28 00:53:37 +0200"
    },
    "done": true
  },
  "farmersdelight:main/plant_all_crops": {
    "criteria": {
      "wheat": "2024-06-28 01:00:41 +0200"
    },
    "done": false
  },
  "minecraft:husbandry/plant_seed": {
    "criteria": {
      "wheat": "2024-06-28 01:00:41 +0200"
    },
    "done": true
  },
  "minecraft:recipes/combat/bow": {
    "criteria": {
      "has_string": "2024-06-28 01:01:09 +0200"
    },
    "done": true
  },
  "supplementaries:recipes/bomb": {
    "criteria": {
      "has_string": "2024-06-28 01:01:09 +0200"
    },
    "done": true
  },
  "supplementaries:recipes/sack": {
    "criteria": {
      "has_string": "2024-06-28 01:01:09 +0200"
    },
    "done": true
  },
  "minecraft:recipes/tools/fishing_rod": {
    "criteria": {
      "has_string": "2024-06-28 01:01:09 +0200"
    },
    "done": true
  },
  "minecraft:recipes/building_blocks/white_wool_from_string": {
    "criteria": {
      "has_string": "2024-06-28 01:01:09 +0200"
    },
    "done": true
  },
  "minecraft:recipes/decorations/loom": {
    "criteria": {
      "has_string": "2024-06-28 01:01:09 +0200"
    },
    "done": true
  },
  "minecraft:recipes/redstone/tripwire_hook": {
    "criteria": {
      "has_string": "2024-06-28 01:01:09 +0200"
    },
    "done": true
  },
  "minecraft:recipes/decorations/candle": {
    "criteria": {
      "has_string": "2024-06-28 01:01:09 +0200"
    },
    "done": true
  },
  "exdeorum:recipes/misc/string_mesh": {
    "criteria": {
      "has_item": "2024-06-28 01:01:09 +0200"
    },
    "done": true
  },
  "minecraft:recipes/combat/crossbow": {
    "criteria": {
      "has_string": "2024-06-28 01:01:09 +0200"
    },
    "done": true
  },
  "exmachinis:recipes/misc/flux_sieve": {
    "criteria": {
      "has_sieve": "2024-06-28 01:03:11 +0200"
    },
    "done": true
  },
  "exdeorum:core/string_mesh": {
    "criteria": {
      "has_string_mesh": "2024-06-28 01:03:23 +0200"
    },
    "done": true
  },
  "exdeorum:recipes/tools/compressed_wooden_hammer": {
    "criteria": {
      "has_item": "2024-06-28 01:06:12 +0200"
    },
    "done": true
  },
  "alchemistry:recipes/dissolver/pink_concrete_powder": {
    "criteria": {
      "has_the_recipe": "2024-06-28 01:06:30 +0200"
    },
    "done": true
  },
  "alchemistry:recipes/dissolver/gray_concrete_powder": {
    "criteria": {
      "has_the_recipe": "2024-06-28 01:06:30 +0200"
    },
    "done": true
  },
  "alchemistry:recipes/dissolver/magenta_concrete_powder": {
    "criteria": {
      "has_the_recipe": "2024-06-28 01:06:30 +0200"
    },
    "done": true
  },
  "allthecompressed:recipes/building_blocks/compress/gravel_1x": {
    "criteria": {
      "has_gravel": "2024-06-28 01:06:30 +0200"
    },
    "done": true
  },
  "minecraft:recipes/building_blocks/pink_concrete_powder": {
    "criteria": {
      "has_gravel": "2024-06-28 01:06:30 +0200"
    },
    "done": true
  },
  "minecraft:recipes/building_blocks/white_concrete_powder": {
    "criteria": {
      "has_gravel": "2024-06-28 01:06:30 +0200"
    },
    "done": true
  },
  "alchemistry:recipes/dissolver/orange_concrete_powder": {
    "criteria": {
      "has_the_recipe": "2024-06-28 01:06:30 +0200"
    },
    "done": true
  },
  "alchemistry:recipes/dissolver/green_concrete_powder": {
    "criteria": {
      "has_the_recipe": "2024-06-28 01:06:30 +0200"
    },
    "done": true
  },
  "minecraft:recipes/building_blocks/red_concrete_powder": {
    "criteria": {
      "has_gravel": "2024-06-28 01:06:30 +0200"
    },
    "done": true
  },
  "minecraft:recipes/building_blocks/green_concrete_powder": {
    "criteria": {
      "has_gravel": "2024-06-28 01:06:30 +0200"
    },
    "done": true
  },
  "minecraft:recipes/building_blocks/coarse_dirt": {
    "criteria": {
      "has_gravel": "2024-06-28 01:06:30 +0200"
    },
    "done": true
  },
  "minecraft:recipes/building_blocks/light_gray_concrete_powder": {
    "criteria": {
      "has_gravel": "2024-06-28 01:06:30 +0200"
    },
    "done": true
  },
  "minecraft:recipes/building_blocks/brown_concrete_powder": {
    "criteria": {
      "has_gravel": "2024-06-28 01:06:30 +0200"
    },
    "done": true
  },
  "minecraft:recipes/building_blocks/light_blue_concrete_powder": {
    "criteria": {
      "has_gravel": "2024-06-28 01:06:30 +0200"
    },
    "done": true
  },
  "alchemistry:recipes/dissolver/light_blue_concrete_powder": {
    "criteria": {
      "has_the_recipe": "2024-06-28 01:06:30 +0200"
    },
    "done": true
  },
  "minecraft:recipes/building_blocks/lime_concrete_powder": {
    "criteria": {
      "has_gravel": "2024-06-28 01:06:30 +0200"
    },
    "done": true
  },
  "alchemistry:recipes/dissolver/brown_concrete_powder": {
    "criteria": {
      "has_the_recipe": "2024-06-28 01:06:30 +0200"
    },
    "done": true
  },
  "alchemistry:recipes/dissolver/cyan_concrete_powder": {
    "criteria": {
      "has_the_recipe": "2024-06-28 01:06:30 +0200"
    },
    "done": true
  },
  "minecraft:recipes/building_blocks/magenta_concrete_powder": {
    "criteria": {
      "has_gravel": "2024-06-28 01:06:30 +0200"
    },
    "done": true
  },
  "alchemistry:recipes/dissolver/white_concrete_powder": {
    "criteria": {
      "has_the_recipe": "2024-06-28 01:06:30 +0200"
    },
    "done": true
  },
  "minecraft:recipes/building_blocks/black_concrete_powder": {
    "criteria": {
      "has_gravel": "2024-06-28 01:06:30 +0200"
    },
    "done": true
  },
  "minecraft:recipes/building_blocks/cyan_concrete_powder": {
    "criteria": {
      "has_gravel": "2024-06-28 01:06:30 +0200"
    },
    "done": true
  },
  "alchemistry:recipes/dissolver/light_gray_concrete_powder": {
    "criteria": {
      "has_the_recipe": "2024-06-28 01:06:30 +0200"
    },
    "done": true
  },
  "alchemistry:recipes/dissolver/yellow_concrete_powder": {
    "criteria": {
      "has_the_recipe": "2024-06-28 01:06:30 +0200"
    },
    "done": true
  },
  "alchemistry:recipes/dissolver/blue_concrete_powder": {
    "criteria": {
      "has_the_recipe": "2024-06-28 01:06:30 +0200"
    },
    "done": true
  },
  "minecraft:recipes/building_blocks/yellow_concrete_powder": {
    "criteria": {
      "has_gravel": "2024-06-28 01:06:30 +0200"
    },
    "done": true
  },
  "immersiveengineering:recipes/misc/crafting/grit_sand": {
    "criteria": {
      "has_sand": "2024-06-28 01:06:30 +0200"
    },
    "done": true
  },
  "enderio:recipes/misc/conduit_binder_composite": {
    "criteria": {
      "has_ingredient_gravel": "2024-06-28 01:06:30 +0200"
    },
    "done": true
  },
  "alchemistry:recipes/dissolver/black_concrete_powder": {
    "criteria": {
      "has_the_recipe": "2024-06-28 01:06:30 +0200"
    },
    "done": true
  },
  "minecraft:recipes/building_blocks/blue_concrete_powder": {
    "criteria": {
      "has_gravel": "2024-06-28 01:06:30 +0200"
    },
    "done": true
  },
  "alchemistry:recipes/dissolver/purple_concrete_powder": {
    "criteria": {
      "has_the_recipe": "2024-06-28 01:06:30 +0200"
    },
    "done": true
  },
  "minecraft:recipes/building_blocks/orange_concrete_powder": {
    "criteria": {
      "has_gravel": "2024-06-28 01:06:30 +0200"
    },
    "done": true
  },
  "alchemistry:recipes/dissolver/lime_concrete_powder": {
    "criteria": {
      "has_the_recipe": "2024-06-28 01:06:30 +0200"
    },
    "done": true
  },
  "minecraft:recipes/building_blocks/purple_concrete_powder": {
    "criteria": {
      "has_gravel": "2024-06-28 01:06:30 +0200"
    },
    "done": true
  },
  "alchemistry:recipes/dissolver/red_concrete_powder": {
    "criteria": {
      "has_the_recipe": "2024-06-28 01:06:30 +0200"
    },
    "done": true
  },
  "minecraft:recipes/building_blocks/gray_concrete_powder": {
    "criteria": {
      "has_gravel": "2024-06-28 01:06:30 +0200"
    },
    "done": true
  },
  "exdeorum:core/barrel": {
    "criteria": {
      "has_barrel": "2024-06-28 01:07:07 +0200"
    },
    "done": true
  },
  "minecraft:recipes/building_blocks/stone_stairs_from_stone_stonecutting": {
    "criteria": {
      "has_stone": "2024-06-28 01:07:39 +0200"
    },
    "done": true
  },
  "minecraft:recipes/building_blocks/stone_stairs": {
    "criteria": {
      "has_stone": "2024-06-28 01:07:39 +0200"
    },
    "done": true
  },
  "minecraft:recipes/decorations/stonecutter": {
    "criteria": {
      "has_stone": "2024-06-28 01:07:39 +0200"
    },
    "done": true
  },
  "minecraft:recipes/building_blocks/stone_brick_stairs_from_stone_stonecutting": {
    "criteria": {
      "has_stone": "2024-06-28 01:07:39 +0200"
    },
    "done": true
  },
  "minecraft:recipes/building_blocks/stone_slab_from_stone_stonecutting": {
    "criteria": {
      "has_stone": "2024-06-28 01:07:39 +0200"
    },
    "done": true
  },
  "minecraft:recipes/building_blocks/stone_slab": {
    "criteria": {
      "has_stone": "2024-06-28 01:07:39 +0200"
    },
    "done": true
  },
  "minecraft:recipes/redstone/stone_button": {
    "criteria": {
      "has_stone": "2024-06-28 01:07:39 +0200"
    },
    "done": true
  },
  "supplementaries:recipes/stone_lamp": {
    "criteria": {
      "has_stone": "2024-06-28 01:07:39 +0200"
    },
    "done": true
  },
  "utilitix:recipes/building_blocks/stone_wall_stonecutting": {
    "criteria": {
      "has_item0": "2024-06-28 01:07:39 +0200"
    },
    "done": true
  },
  "alchemistry:recipes/dissolver/smooth_stone": {
    "criteria": {
      "has_the_recipe": "2024-06-28 01:07:39 +0200"
    },
    "done": true
  },
  "mcwroofs:recipes/stone": {
    "criteria": {
      "has_planks": "2024-06-28 01:07:39 +0200"
    },
    "done": true
  },
  "mcwroofs:recipes/stone_bricks": {
    "criteria": {
      "has_planks": "2024-06-28 01:07:39 +0200"
    },
    "done": true
  },
  "allthecompressed:recipes/building_blocks/compress/stone_1x": {
    "criteria": {
      "has_stone": "2024-06-28 01:07:39 +0200"
    },
    "done": true
  },
  "minecraft:recipes/decorations/stone_brick_walls_from_stone_stonecutting": {
    "criteria": {
      "has_stone": "2024-06-28 01:07:39 +0200"
    },
    "done": true
  },
  "minecraft:recipes/building_blocks/stone_brick_slab_from_stone_stonecutting": {
    "criteria": {
      "has_stone": "2024-06-28 01:07:39 +0200"
    },
    "done": true
  },
  "alchemistry:recipes/dissolver/stone_bricks": {
    "criteria": {
      "has_the_recipe": "2024-06-28 01:07:39 +0200"
    },
    "done": true
  },
  "mcwwindows:recipes/arrow_slits_gothic": {
    "criteria": {
      "has_wood": "2024-06-28 01:07:39 +0200"
    },
    "done": true
  },
  "alchemistry:recipes/dissolver/stone_slab": {
    "criteria": {
      "has_the_recipe": "2024-06-28 01:07:39 +0200"
    },
    "done": true
  },
  "minecraft:recipes/building_blocks/stone_bricks": {
    "criteria": {
      "has_stone": "2024-06-28 01:07:39 +0200"
    },
    "done": true
  },
  "minecraft:recipes/building_blocks/stone_bricks_from_stone_stonecutting": {
    "criteria": {
      "has_stone": "2024-06-28 01:07:39 +0200"
    },
    "done": true
  },
  "minecraft:recipes/redstone/stone_pressure_plate": {
    "criteria": {
      "has_stone": "2024-06-28 01:07:39 +0200"
    },
    "done": true
  },
  "minecraft:recipes/building_blocks/smooth_stone": {
    "criteria": {
      "has_stone": "2024-06-28 01:07:39 +0200"
    },
    "done": true
  },
  "minecraft:recipes/building_blocks/chiseled_stone_bricks_stone_from_stonecutting": {
    "criteria": {
      "has_stone": "2024-06-28 01:07:39 +0200"
    },
    "done": true
  },
  "utilitix:recipes/misc/stone_wall": {
    "criteria": {
      "criterion0": "2024-06-28 01:07:39 +0200"
    },
    "done": true
  },
  "exdeorum:recipes/misc/stone_barrel": {
    "criteria": {
      "has_the_recipe": "2024-06-28 01:07:57 +0200"
    },
    "done": true
  },
  "minecraft:recipes/decorations/grindstone": {
    "criteria": {
      "has_stone_slab": "2024-06-28 01:07:58 +0200"
    },
    "done": true
  },
  "exdeorum:recipes/misc/ores/osmium_tag": {
    "criteria": {
      "has_item": "2024-06-28 01:08:20 +0200"
    },
    "done": true
  },
  "alchemistry:recipes/dissolver/coal_block": {
    "criteria": {
      "has_the_recipe": "2024-06-28 01:08:29 +0200"
    },
    "done": true
  },
  "silentgear:recipes/misc/stone_torch": {
    "criteria": {
      "has_item": "2024-06-28 01:08:29 +0200"
    },
    "done": true
  },
  "mcwbridges:recipes/bridge_lantern": {
    "criteria": {
      "has_planks": "2024-06-28 01:08:29 +0200"
    },
    "done": true
  },
  "utilitix:recipes/misc/tiny_coal_to_tiny": {
    "criteria": {
      "criterion0": "2024-06-28 01:08:29 +0200"
    },
    "done": true
  },
  "minecraft:recipes/building_blocks/coal_block": {
    "criteria": {
      "has_coal": "2024-06-28 01:08:29 +0200"
    },
    "done": true
  },
  "enderio:recipes/food/enderios": {
    "criteria": {
      "has_ingredient": "2024-06-28 01:10:06 +0200"
    },
    "done": true
  },
  "supplementaries:recipes/daub": {
    "criteria": {
      "supplementaries:straw": "2024-06-28 01:10:06 +0200"
    },
    "done": true
  },
  "croptopia:recipes/flour": {
    "criteria": {
      "has_grain": "2024-06-28 01:10:06 +0200"
    },
    "done": true
  },
  "alchemistry:recipes/dissolver/hay_block": {
    "criteria": {
      "has_the_recipe": "2024-06-28 01:10:06 +0200"
    },
    "done": true
  },
  "mcwroofs:recipes/thatch": {
    "criteria": {
      "has_planks": "2024-06-28 01:10:06 +0200"
    },
    "done": true
  },
  "farmersdelight:recipes/food/pie_crust": {
    "criteria": {
      "has_wheat": "2024-06-28 01:10:06 +0200"
    },
    "done": true
  },
  "farmersdelight:recipes/food/wheat_dough_from_eggs": {
    "criteria": {
      "has_wheat": "2024-06-28 01:10:06 +0200"
    },
    "done": true
  },
  "minecraft:recipes/food/bread": {
    "criteria": {
      "has_wheat": "2024-06-28 01:10:06 +0200"
    },
    "done": true
  },
  "minecraft:recipes/building_blocks/hay_block": {
    "criteria": {
      "has_wheat": "2024-06-28 01:10:06 +0200"
    },
    "done": true
  },
  "farmersdelight:recipes/food/wheat_dough_from_water": {
    "criteria": {
      "has_wheat": "2024-06-28 01:10:06 +0200"
    },
    "done": true
  },
  "minecraft:adventure/root": {
    "criteria": {
      "killed_something": "2024-06-28 01:15:39 +0200"
    },
    "done": true
  },
  "tombstone:adventure/first_grave": {
    "criteria": {
      "coded_trigger": "2024-06-28 01:16:20 +0200"
    },
    "done": true
  },
  "tombstone:recipes/from_grave_key": {
    "criteria": {
      "has_ingredient": "2024-06-28 01:16:22 +0200"
    },
    "done": true
  },
  "tombstone:adventure/cancel_ghostly_shape": {
    "criteria": {
      "coded_trigger": "2024-06-28 01:16:25 +0200"
    },
    "done": true
  },
  "tombstone:recipes/from_grave_dust": {
    "criteria": {
      "has_ingredient": "2024-06-28 01:17:40 +0200"
    },
    "done": true
  },
  "croptopia:recipes/campfire_toast": {
    "criteria": {
      "has_bread": "2024-06-28 01:18:51 +0200"
    },
    "done": true
  },
  "croptopia:recipes/cheeseburger": {
    "criteria": {
      "has_bread": "2024-06-28 01:18:51 +0200"
    },
    "done": true
  },
  "croptopia:recipes/food/toast_from_smoking_bread": {
    "criteria": {
      "has_bread": "2024-06-28 01:18:51 +0200"
    },
    "done": true
  },
  "croptopia:recipes/food/toast_from_bread": {
    "criteria": {
      "has_bread": "2024-06-28 01:18:51 +0200"
    },
    "done": true
  },
  "minecraft:recipes/misc/white_dye": {
    "criteria": {
      "has_bone_meal": "2024-06-28 01:18:52 +0200"
    },
    "done": true
  },
  "supplementaries:recipes/planter_rich": {
    "criteria": {
      "has_bone_meal": "2024-06-28 01:18:52 +0200"
    },
    "done": true
  },
  "alchemistry:recipes/dissolver/bone_block": {
    "criteria": {
      "has_the_recipe": "2024-06-28 01:18:52 +0200"
    },
    "done": true
  },
  "create:recipes/misc/crafting/appliances/tree_fertilizer": {
    "criteria": {
      "has_item": "2024-06-28 01:18:52 +0200"
    },
    "done": true
  },
  "farmersdelight:recipes/cooking/dog_food": {
    "criteria": {
      "has_any_ingredient": "2024-06-28 01:18:52 +0200"
    },
    "done": true
  },
  "minecraft:recipes/building_blocks/bone_block": {
    "criteria": {
      "has_bone_meal": "2024-06-28 01:18:52 +0200"
    },
    "done": true
  },
  "croptopia:recipes/doughnut": {
    "criteria": {
      "has_flour": "2024-06-28 01:19:08 +0200"
    },
    "done": true
  },
  "croptopia:recipes/shaped_fish_and_chips": {
    "criteria": {
      "has_flour": "2024-06-28 01:19:08 +0200"
    },
    "done": true
  },
  "croptopia:recipes/noodles": {
    "criteria": {
      "has_flour": "2024-06-28 01:19:08 +0200"
    },
    "done": true
  },
  "croptopia:recipes/misc/tortilla": {
    "criteria": {
      "took_flour": "2024-06-28 01:19:08 +0200"
    },
    "done": true
  },
  "croptopia:recipes/dough": {
    "criteria": {
      "has_flour": "2024-06-28 01:19:08 +0200"
    },
    "done": true
  },
  "croptopia:recipes/egg_roll": {
    "criteria": {
      "has_the_recipe": "2024-06-28 01:19:08 +0200"
    },
    "done": true
  },
  "croptopia:recipes/misc/sweet_crepes": {
    "criteria": {
      "took_flour": "2024-06-28 01:19:08 +0200"
    },
    "done": true
  },
  "croptopia:recipes/chilli_relleno": {
    "criteria": {
      "has_flour": "2024-06-28 01:19:08 +0200"
    },
    "done": true
  },
  "xnet:recipes/xnet/advanced_connector_blue_dye": {
    "criteria": {
      "chest": "2024-06-28 01:19:44 +0200"
    },
    "done": true
  },
  "xnet:recipes/xnet/connector_blue_dye": {
    "criteria": {
      "chest": "2024-06-28 01:19:44 +0200"
    },
    "done": true
  },
  "xnet:recipes/xnet/connector_routing": {
    "criteria": {
      "chest": "2024-06-28 01:19:44 +0200"
    },
    "done": true
  },
  "xnet:recipes/xnet/netcable_yellow_dye": {
    "criteria": {
      "chest": "2024-06-28 01:19:44 +0200"
    },
    "done": true
  },
  "botania:recipes/redstone/red_string_container": {
    "criteria": {
      "has_base_block": "2024-06-28 01:19:44 +0200"
    },
    "done": true
  },
  "xnet:recipes/xnet/connector_green": {
    "criteria": {
      "chest": "2024-06-28 01:19:44 +0200"
    },
    "done": true
  },
  "xnet:recipes/xnet/connector_red_dye": {
    "criteria": {
      "chest": "2024-06-28 01:19:44 +0200"
    },
    "done": true
  },
  "xnet:recipes/xnet/netcable_blue_dye": {
    "criteria": {
      "chest": "2024-06-28 01:19:44 +0200"
    },
    "done": true
  },
  "xnet:recipes/xnet/advanced_connector_yellow_dye": {
    "criteria": {
      "chest": "2024-06-28 01:19:44 +0200"
    },
    "done": true
  },
  "xnet:recipes/xnet/connector_red": {
    "criteria": {
      "chest": "2024-06-28 01:19:44 +0200"
    },
    "done": true
  },
  "xnet:recipes/xnet/netcable_red_dye": {
    "criteria": {
      "chest": "2024-06-28 01:19:44 +0200"
    },
    "done": true
  },
  "xnet:recipes/xnet/netcable_green_dye": {
    "criteria": {
      "chest": "2024-06-28 01:19:44 +0200"
    },
    "done": true
  },
  "xnet:recipes/xnet/advanced_connector_red_dye": {
    "criteria": {
      "chest": "2024-06-28 01:19:44 +0200"
    },
    "done": true
  },
  "xnet:recipes/xnet/advanced_connector_blue": {
    "criteria": {
      "chest": "2024-06-28 01:19:44 +0200"
    },
    "done": true
  },
  "sfm:recipes/redstone/manager": {
    "criteria": {
      "has_chest": "2024-06-28 01:19:44 +0200"
    },
    "done": true
  },
  "xnet:recipes/xnet/advanced_connector_yellow": {
    "criteria": {
      "chest": "2024-06-28 01:19:44 +0200"
    },
    "done": true
  },
  "xnet:recipes/xnet/connector_blue": {
    "criteria": {
      "chest": "2024-06-28 01:19:44 +0200"
    },
    "done": true
  },
  "xnet:recipes/xnet/connector_yellow_dye": {
    "criteria": {
      "chest": "2024-06-28 01:19:44 +0200"
    },
    "done": true
  },
  "xycraft_machines:recipes/misc/shaped/port_item": {
    "criteria": {
      "has_chest": "2024-06-28 01:19:44 +0200"
    },
    "done": true
  },
  "xycraft_machines:recipes/misc/shaped/soaryn_box": {
    "criteria": {
      "has_chest": "2024-06-28 01:19:44 +0200"
    },
    "done": true
  },
  "sfm:recipes/redstone/cable": {
    "criteria": {
      "has_chest": "2024-06-28 01:19:44 +0200"
    },
    "done": true
  },
  "sophisticatedstorage:recipes/misc/oak_chest_from_vanilla_chest": {
    "criteria": {
      "has_vanilla_chest": "2024-06-28 01:19:44 +0200"
    },
    "done": true
  },
  "xnet:recipes/xnet/advanced_connector_green_dye": {
    "criteria": {
      "chest": "2024-06-28 01:19:44 +0200"
    },
    "done": true
  },
  "xnet:recipes/xnet/advanced_connector_green": {
    "criteria": {
      "chest": "2024-06-28 01:19:44 +0200"
    },
    "done": true
  },
  "xnet:recipes/xnet/connector_green_dye": {
    "criteria": {
      "chest": "2024-06-28 01:19:44 +0200"
    },
    "done": true
  },
  "xnet:recipes/xnet/advanced_connector_routing": {
    "criteria": {
      "chest": "2024-06-28 01:19:44 +0200"
    },
    "done": true
  },
  "xnet:recipes/xnet/advanced_connector_red": {
    "criteria": {
      "chest": "2024-06-28 01:19:44 +0200"
    },
    "done": true
  },
  "trashcans:recipes/misc/item_trash_can": {
    "criteria": {
      "recipe_condition": "2024-06-28 01:19:44 +0200"
    },
    "done": true
  },
  "xnet:recipes/xnet/connector_yellow": {
    "criteria": {
      "chest": "2024-06-28 01:19:44 +0200"
    },
    "done": true
  },
  "croptopia:recipes/buttered_toast": {
    "criteria": {
      "has_toast": "2024-06-28 01:21:29 +0200"
    },
    "done": true
  },
  "croptopia:gather_food": {
    "criteria": {
      "toast": "2024-06-28 01:21:29 +0200"
    },
    "done": false
  },
  "croptopia:recipes/toast_with_jam": {
    "criteria": {
      "has_toast": "2024-06-28 01:21:29 +0200"
    },
    "done": true
  },
  "utilitix:recipes/misc/mob_bell": {
    "criteria": {
      "criterion2": "2024-06-28 01:21:50 +0200"
    },
    "done": true
  },
  "farmersdelight:recipes/cooking/bone_broth": {
    "criteria": {
      "has_bone": "2024-06-28 01:21:50 +0200"
    },
    "done": true
  },
  "exdeorum:recipes/tools/bone_crook": {
    "criteria": {
      "has_item": "2024-06-28 01:21:50 +0200"
    },
    "done": true
  },
  "minecraft:recipes/misc/bone_meal": {
    "criteria": {
      "has_bone": "2024-06-28 01:21:50 +0200"
    },
    "done": true
  },
  "alchemistry:recipes/dissolver/bone_meal": {
    "criteria": {
      "has_the_recipe": "2024-06-28 01:21:50 +0200"
    },
    "done": true
  },
  "minecraft:adventure/kill_a_mob": {
    "criteria": {
      "minecraft:spider": "2024-06-28 01:23:32 +0200"
    },
    "done": true
  },
  "minecraft:adventure/kill_all_mobs": {
    "criteria": {
      "minecraft:spider": "2024-06-28 01:23:32 +0200"
    },
    "done": false
  },
  "apotheosis:affix/gem": {
    "criteria": {
      "gem": "2024-06-28 01:23:33 +0200"
    },
    "done": true
  },
  "apotheosis:affix/root": {
    "criteria": {
      "sword": "2024-06-28 01:23:33 +0200"
    },
    "done": true
  },
  "minecraft:recipes/redstone/dispenser": {
    "criteria": {
      "has_bow": "2024-06-28 01:23:33 +0200"
    },
    "done": true
  },
  "minecraft:recipes/brewing/fermented_spider_eye": {
    "criteria": {
      "has_spider_eye": "2024-06-28 01:23:33 +0200"
    },
    "done": true
  },
  "apotheosis:affix/rare": {
    "criteria": {
      "sword": "2024-06-28 01:23:33 +0200"
    },
    "done": true
  },
  "apotheosis:affix/random": {
    "criteria": {
      "sword": "2024-06-28 01:23:33 +0200"
    },
    "done": true
  },
  "croptopia:eatcrafted": {
    "criteria": {
      "eat_crafted": "2024-06-28 01:23:43 +0200"
    },
    "done": true
  },
  "exdeorum:recipes/misc/ores/nickel_tag": {
    "criteria": {
      "has_item": "2024-06-28 01:31:20 +0200"
    },
    "done": true
  },
  "minecraft:recipes/combat/leather_chestplate": {
    "criteria": {
      "has_leather": "2024-06-30 21:16:56 +0200"
    },
    "done": true
  },
  "minecraft:recipes/combat/leather_boots": {
    "criteria": {
      "has_leather": "2024-06-30 21:16:56 +0200"
    },
    "done": true
  },
  "immersiveengineering:recipes/misc/crafting/conveyor_basic": {
    "criteria": {
      "has_leather": "2024-06-30 21:16:56 +0200"
    },
    "done": true
  },
  "allthecompressed:recipes/building_blocks/compress/cobblestone_2x": {
    "criteria": {
      "has_cobblestone_1x": "2024-06-30 21:17:31 +0200"
    },
    "done": true
  },
  "minecraft:recipes/transportation/bamboo_raft": {
    "criteria": {
      "in_water": "2024-06-30 21:15:20 +0200"
    },
    "done": true
  },
  "utilitix:recipes/misc/mob_yoinker": {
    "criteria": {
      "criterion2": "2024-06-30 21:16:47 +0200"
    },
    "done": true
  },
  "sophisticatedbackpacks:recipes/misc/backpack": {
    "criteria": {
      "has_leather": "2024-06-30 21:16:56 +0200"
    },
    "done": true
  },
  "allthecompressed:recipes/building_blocks/decompress/cobblestone_1x": {
    "criteria": {
      "has_cobblestone_1x": "2024-06-30 21:17:31 +0200"
    },
    "done": true
  },
  "minecraft:recipes/decorations/item_frame": {
    "criteria": {
      "has_leather": "2024-06-30 21:16:56 +0200"
    },
    "done": true
  },
  "minecraft:recipes/transportation/birch_boat": {
    "criteria": {
      "in_water": "2024-06-30 21:15:20 +0200"
    },
    "done": true
  },
  "minecraft:recipes/transportation/oak_boat": {
    "criteria": {
      "in_water": "2024-06-30 21:15:20 +0200"
    },
    "done": true
  },
  "immersiveengineering:recipes/misc/crafting/powerpack": {
    "criteria": {
      "has_leather": "2024-06-30 21:16:56 +0200"
    },
    "done": true
  },
  "utilitarian:recipes/misc/no_soliciting/restraining_order": {
    "criteria": {
      "has_lead": "2024-06-30 21:16:47 +0200"
    },
    "done": true
  },
  "minecraft:recipes/combat/leather_helmet": {
    "criteria": {
      "has_leather": "2024-06-30 21:16:56 +0200"
    },
    "done": true
  },
  "minecraft:recipes/transportation/cherry_boat": {
    "criteria": {
      "in_water": "2024-06-30 21:15:20 +0200"
    },
    "done": true
  },
  "minecraft:recipes/misc/leather_horse_armor": {
    "criteria": {
      "has_leather": "2024-06-30 21:16:56 +0200"
    },
    "done": true
  },
  "minecraft:recipes/transportation/acacia_boat": {
    "criteria": {
      "in_water": "2024-06-30 21:15:20 +0200"
    },
    "done": true
  },
  "minecraft:recipes/transportation/jungle_boat": {
    "criteria": {
      "in_water": "2024-06-30 21:15:20 +0200"
    },
    "done": true
  },
  "minecraft:recipes/transportation/spruce_boat": {
    "criteria": {
      "in_water": "2024-06-30 21:15:20 +0200"
    },
    "done": true
  },
  "minecraft:recipes/transportation/mangrove_boat": {
    "criteria": {
      "in_water": "2024-06-30 21:15:20 +0200"
    },
    "done": true
  },
  "sophisticatedbackpacks:recipes/misc/upgrade_base": {
    "criteria": {
      "has_leather": "2024-06-30 21:16:56 +0200"
    },
    "done": true
  },
  "minecraft:recipes/transportation/dark_oak_boat": {
    "criteria": {
      "in_water": "2024-06-30 21:15:20 +0200"
    },
    "done": true
  },
  "xycraft_machines:recipes/misc/shapeless/balloon_on_a_stick": {
    "criteria": {
      "has_lead": "2024-06-30 21:16:47 +0200"
    },
    "done": true
  },
  "minecraft:recipes/combat/leather_leggings": {
    "criteria": {
      "has_leather": "2024-06-30 21:16:56 +0200"
    },
    "done": true
  },
  "DataVersion": 3465
}